time,open,high,low,close,lux_bull_prep_count,lux_bear_prep_count,lux_bull_prep_complete,lux_bear_prep_complete,lux_bull_leadup_count,lux_bear_leadup_count,lux_bull_leadup_complete,lux_bear_leadup_complete,lux_bull_leadup_delete,lux_bear_leadup_delete
920903400,51.125,51.734375,49.65625,50.0625,0,0,0,0,0,0,0,0,0,0
921508200,50.4375,53.25,49.90625,51.21875,0,0,0,0,0,0,0,0,0,0
922113000,51.4375,52.46875,48.5,51.75,0,0,0,0,0,1,0,0,0,0
922717800,52.375,54.1875,52.0625,53.5625,0,0,0,0,0,2,0,0,0,0
923319000,54.429685,56.25,53.8125,55.8125,0,1,0,0,0,3,0,0,0,0
923923800,54.5,55.90625,51.125,51.96875,0,2,0,0,1,3,0,0,0,0
924528600,52.3125,55.71875,48.84375,55.3125,0,3,0,0,1,3,0,0,0,0
925133400,55.6875,57.28125,51.8125,53.71875,0,4,0,0,1,3,0,0,0,0
925738200,53.5625,54.375,51.03125,52.96875,1,0,0,0,1,3,0,0,0,0
926343000,53.3125,56,52.6875,53.40625,0,1,0,0,1,3,0,0,0,0
926947800,52.9375,54.992185,52.41406,52.875,1,0,0,0,1,3,0,0,0,0
927552600,52.96875,53.0625,48.9375,52.03125,2,0,0,0,2,3,0,0,0,0
928157400,51.9375,52.742185,49.57031,52.5625,3,0,0,0,2,3,0,0,0,0
928762200,52.929685,54.03125,51.3125,51.78125,4,0,0,0,2,3,0,0,0,0
929367000,51.96875,55.21875,50.6875,55.0625,0,1,0,0,2,4,0,0,0,0
929971800,55.4375,57.09375,54.1875,54.6875,0,2,0,0,2,5,0,0,0,0
930576600,55.15625,59.9375,54.703125,58.75,0,3,0,0,2,6,0,0,0,0
931181400,59.0625,59.90625,57.9375,59.84375,0,4,0,0,2,7,0,0,0,0
931786200,60.0625,61.71875,58.78125,61.375,0,5,0,0,2,8,0,0,0,0
932391000,61.625,61.625,56.6875,57.28125,0,6,0,0,3,8,0,0,0,0
932995800,56.5,58.4375,55.78125,56.59375,1,0,0,0,4,8,0,0,0,0
933600600,56.6875,57.8125,53.75,55.328125,2,0,0,0,5,8,0,0,0,0
934205400,55.53125,57.71875,52.9375,57.65625,3,0,0,0,5,8,0,0,0,0
934810200,57.625,58.84375,56.69531,57.96875,0,1,0,0,5,9,0,0,0,0
935415000,58.5,61.75,58.367185,59.875,0,2,0,0,5,10,0,0,0,0
936019800,60.125,62.679685,58.125,62.65625,0,3,0,0,5,11,0,0,0,0
936624600,62.53125,63.742185,61.03125,63.125,0,4,0,0,5,12,0,0,0,0
937229400,63.0625,63.492185,60.19531,63.3125,0,5,0,0,5,13,0,1,0,0
937834200,63.5,63.75,58.625,60.078125,0,6,0,0,6,13,0,1,0,0
938439000,60.9375,61.375,58.75,60.210935,1,0,0,0,6,13,0,1,0,0
939043800,60.53125,63.9375,60.1875,63.75781,0,1,0,0,6,14,0,0,0,0
939648600,63.9375,64.6875,59.50781,59.875,1,0,0,0,6,14,0,0,0,0
940253400,59.9375,63.25,57.41406,61.96875,0,1,0,0,6,14,0,0,0,0
940858200,61.6875,66.25,60.44531,65.75,0,2,0,0,6,15,0,0,0,0
941466600,65.75,69.21875,65.19531,68.1875,0,3,0,0,6,16,0,0,0,0
942071400,68.4375,72.25,68.21875,72.1875,0,4,0,0,6,17,0,0,0,0
942676200,72.25,75.90625,70.15625,75.78125,0,5,0,0,6,18,0,0,0,0
943281000,75.9375,78.78125,74.25,77.6875,0,6,0,0,6,19,0,0,0,0
943885800,77.53125,80.1875,73.75,79.125,0,7,0,0,6,20,0,0,0,0
944490600,79.429685,80.5,77.25,79.5,0,8,0,0,6,21,0,0,0,0
945095400,79.63281,84.875,77.9375,83.78125,0,9,0,1,,1,0,0,1,1
945700200,84.40625,90.75,83.6875,89.65625,0,10,0,0,,2,0,0,0,0
946305000,90.3125,93.75,87.90625,91.375,0,11,0,0,,3,0,0,0,0
946909800,96.1875,96.1875,80,88.5,0,12,0,0,,3,0,0,0,0
947514600,91,93.9375,86,92.6875,0,13,0,0,,3,0,0,0,0
948205800,92.0625,96.875,91.4375,96.25,0,14,0,0,,4,0,0,0,0
948724200,97.4375,97.625,84.75,85.75,1,0,0,0,,4,0,0,0,0
949329000,85.875,98.242185,83.5,96.90625,0,1,0,0,,5,0,0,0,0
949933800,97.25,102.25,96.25,99,0,2,0,0,,6,0,0,0,0
950538600,99.992185,103.25,95.875,98.8125,0,3,0,0,,7,0,0,0,0
951229800,99,107.5,96.25,104.1875,0,4,0,0,,8,0,0,0,0
951748200,103.25,111.125,100.5,109.523435,0,5,0,0,,9,0,0,0,0
952353000,111.75,116.4375,106.28125,114.6875,0,6,0,0,,10,0,0,0,0
952957800,110,114.125,101,110.8125,0,7,0,0,,10,0,0,0,0
953562600,111,120.5,103.5625,117.875,0,8,0,0,,11,0,0,0,0
954167400,118,119.5,103.5,109.5,1,0,0,0,,11,0,0,0,0
954768600,107.76562,109.125,88.3125,106,2,0,0,0,,11,0,0,0,0
955373400,107.625,107.6875,63.125,79.75,3,0,0,0,,11,0,0,0,0
955978200,78.01562,93.625,78,86.875,4,0,0,0,,11,0,0,0,0
956583000,83.4375,94.75,79.875,94.5,5,0,0,0,,11,0,0,0,0
957187800,95.75,96.875,85.51562,91.5,6,0,0,0,,11,0,0,0,0
957792600,90.5,90.75,79.5,84.6875,0,1,0,0,,11,0,0,0,0
958397400,84.8125,91.5,81.3125,81.6875,1,0,0,0,,11,0,0,0,0
959002200,81.625,82.625,72.25,77.6875,2,0,0,0,,11,0,0,0,0
959693400,80,94.10937,80,93.25,0,1,0,0,,12,0,0,0,0
960211800,92.25,95.3125,89.5625,93.5625,0,2,0,0,,13,0,1,0,0
960816600,94.3125,95.3125,89.35937,94.17187,0,3,0,0,,14,0,0,0,0
961421400,94.01562,99.71875,91.4375,91.64062,0,4,0,0,,14,0,0,0,0
962026200,93.0625,95.5,90.625,93.1875,1,0,0,0,,14,0,0,0,0
962631000,93.5,97,90.0625,95.40625,0,1,0,0,,14,0,0,0,0
963235800,94.6875,101.125,92.8125,100.625,0,2,0,0,,15,0,0,0,0
963840600,100.9375,102.0625,95.65625,97.3125,0,3,0,0,,16,0,0,0,0
964445400,97.9375,99,86,86.8125,1,0,0,0,,16,0,0,0,0
965050200,87.625,92.76562,83.3125,90,2,0,0,0,,16,0,0,0,0
965655000,90.875,94.4375,87.875,90.875,3,0,0,0,,16,0,0,0,0
966259800,91.375,96.625,90.20312,95.14062,4,0,0,0,,17,0,0,0,0
966864600,96,99.95312,93.82812,98.375,0,1,0,0,,18,0,0,0,0
967469400,98.25,103.51562,97.76562,102.5,0,2,0,0,,19,0,0,0,0
968160600,101.625,101.75,94.82812,94.875,0,3,0,0,,19,0,0,0,0
968679000,94.5,96.125,90,91.375,1,0,0,0,,19,0,0,0,0
969283800,91.8125,95.23437,87.5,92.9375,2,0,0,0,,19,0,0,0,0
969888600,93.625,94.25,88,88.6875,3,0,0,0,,19,0,0,0,0
970493400,90.25,90.25,81.25391,83,4,0,0,0,,19,0,0,0,0
971098200,82.5625,83.8125,74.3125,81.25,5,0,0,0,,19,0,0,0,0
971703000,81.125,87.875,74.5625,86.3125,6,0,0,0,,19,0,0,0,0
972307800,86.1875,87.5,73.625,79.71875,7,0,0,0,,19,0,0,0,0
972916200,78.1875,83.9375,75.70312,83.0625,0,1,0,0,,19,0,0,0,0
973521000,83.625,84.125,71.75,71.75,1,0,0,0,,19,0,0,0,0
974125800,70.95312,78.0625,68.26562,72.82812,2,0,0,0,,19,0,0,0,0
974730600,70.9375,72.0625,66.5,70.4375,3,0,0,0,,19,0,0,0,0
975335400,72.5625,72.9375,60.5,64,4,0,0,0,,19,0,0,0,0
975940200,64.125,74,61.75,68,5,0,0,0,,19,0,0,0,0
976545000,72.05859,74.78125,62.5625,63.875,6,0,0,0,,19,0,0,0,0
977149800,65.15625,65.96875,54.25,60.5,7,0,0,0,,19,0,0,0,0
977841000,60.59375,62.48437,58,58.375,8,0,0,0,,19,0,0,0,0
978445800,58.5625,65.25,52.15625,56.625,9,0,1,0,1,,0,0,1,1
978964200,56.3125,64.625,53.51562,62.73437,10,0,0,0,1,,0,0,0,0
979655400,62.5625,68.3125,60.5625,66.3125,0,1,0,0,1,,0,0,0,0
980173800,65.875,69.125,63,65.54687,0,2,0,0,1,,0,0,0,0
980778600,64.75,68,60,61.55,0,3,0,0,1,,0,0,0,0
981383400,61.19,63.12,56,56.39999,1,0,0,0,2,,0,0,0,0
981988200,56.25,60.49001,54.125,55.13,2,0,0,0,3,,0,0,0,0
982679400,55.74001,55.84,48.23,51.17999,3,0,0,0,4,,0,0,0,0
983197800,52.08099,52.60001,45.64999,46.7,4,0,0,0,5,,0,0,0,0
983802600,47.5,50.66,44.95,45.10001,5,0,0,0,6,,0,0,0,0
984407400,44,45.319,40.56,41.10001,6,0,0,0,7,,0,0,0,0
985012200,41.44,43.83,39.49001,42.8,7,0,0,0,8,,0,0,0,0
985617000,43.47,43.72,38,39.14999,8,0,0,0,9,,0,0,0,0
986218200,39.17,39.85001,33.60001,36.3,9,0,1,0,1,,0,0,1,1
986823000,36.78999,42.8,35.85001,42.8,0,1,0,0,1,,0,0,0,0
987427800,41.94099,51,39.89999,48.39999,0,2,0,0,1,,0,0,0,0
988032600,46.99001,47.72,43.10001,45.14999,0,3,0,0,1,,0,0,0,0
988637400,46.25,49.39999,45.11,48.2,0,4,0,0,1,,0,0,0,0
989242200,48,48.60001,45.09,45.55,0,5,0,0,1,,0,0,0,0
989847000,45.3,48.78999,44.06,48.03999,1,0,0,0,1,,0,0,0,0
990451800,48.17,51.95,47.64999,48.99001,0,1,0,0,1,,0,0,0,0
991143000,48.5,48.5,44.08,46.05,1,0,0,0,1,,0,0,0,0
991661400,46.338,49.49001,45.28999,47.35001,0,1,0,0,2,,0,0,0,0
992266200,46.89999,48.47,41.28101,42.60001,1,0,0,0,3,,0,0,0,0
992871000,42.64,44.23,41.25999,43.25,2,0,0,0,4,,0,0,0,0
993475800,43.61,46.52,42.481,45.7,3,0,0,0,4,,0,0,0,0
994080600,45.65199,46.48,41.49001,41.64999,4,0,0,0,4,,0,0,0,0
994685400,41.89799,44.42999,39.87,43.14999,0,1,0,0,4,,0,0,0,0
995290200,43.37,43.86,41.14,41.64999,1,0,0,0,4,,0,0,0,0
995895000,42.24001,42.39999,39.31,41.95,2,0,0,0,4,,0,0,0,0
996499800,42.13,44.004,41.39999,43.17999,0,1,0,0,4,,0,0,0,0
997104600,42.539,42.85001,39.23,40.28,1,0,0,0,4,,0,0,0,0
997709400,40.59,41.7,37.71001,37.75999,2,0,0,0,5,,0,0,0,0
998314200,37.85001,39.39,36.53999,39.3,3,0,0,0,5,,0,0,0,0
998919000,39.28,39.89999,35.75,36.63,4,0,0,0,6,,0,0,0,0
999610200,36.51801,37.5,33.35001,33.7,5,0,0,0,7,,0,0,0,0
1000128600,33.49001,34.32001,33.342,34.10001,6,0,0,0,8,,0,0,0,0
1000733400,31.25,32.8,27.2,28.19,7,0,0,0,9,,0,0,0,0
1001338200,29.08,30.42999,27.42,28.98,8,0,0,0,10,,0,0,0,0
1001943000,28.85001,33.2,27.85001,31.75999,9,0,1,0,1,,0,0,1,1
1002547800,31.13,35.25,30.75101,34.55,0,1,0,0,1,,0,0,0,0
1003152600,34.12,36,32,33.55,0,2,0,0,1,,0,0,0,0
1003757400,33.44,37.06,33.22,36.00999,0,3,0,0,1,,0,0,0,0
1004365800,36,36.158,32.84,35.60001,0,4,0,0,1,,0,0,0,0
1004970600,36.25999,39.39999,36.16,37.73,0,5,0,0,1,,0,0,0,0
1005575400,37,40.24001,36.3,39.37,0,6,0,0,1,,0,0,0,0
1006180200,39.78999,40.49001,37.98,39.28,0,7,0,0,1,,0,0,0,0
1006785000,39.58,40.97,36.74001,39.64999,0,8,0,0,1,,0,0,0,0
1007389800,39.28999,43.24001,38.44,41.73,0,9,0,1,,1,0,0,1,1
1007994600,41.325,42.25999,39.57001,40.11,0,10,0,0,,1,0,0,0,0
1008599400,40.02,41.5,38.67999,39.48,0,11,0,0,,1,0,0,0,0
1009204200,39.53999,40.802,39.14999,40.33,0,12,0,0,,1,0,0,0,0
1009809000,40.31,42.28999,38.91,41.67,1,0,0,0,,2,0,0,0,0
1010413800,42.118,42.60001,40.11,40.85001,0,1,0,0,,3,0,0,0,0
1011018600,40.49001,40.75,38.22,38.59,1,0,0,0,,3,0,0,0,0
1011709800,39,39.51401,37.33,38.83,2,0,0,0,,3,0,0,0,0
1012228200,39.15401,39.408,36.85001,38.14,3,0,0,0,,3,0,0,0,0
1012833000,37.961,38.07001,34.97,36.17,4,0,0,0,,3,0,0,0,0
1013437800,36.14,39.17,35.64,35.78,5,0,0,0,,3,0,0,0,0
1014129000,35.375,35.46001,33.09,33.64999,6,0,0,0,,3,0,0,0,0
1014647400,34.008,35.75,33.75,35.74001,7,0,0,0,,3,0,0,0,0
1015252200,35.702,39.03,32.74001,38.67,0,1,0,0,,4,0,0,0,0
1015857000,38.35001,39.19,36,37.23,0,2,0,0,,5,0,0,0,0
1016461800,37.63499,37.94,35.89999,36.67999,0,3,0,0,,5,0,0,0,0
1017066600,36.69,36.901,35.39999,36.06,0,4,0,0,,5,0,0,0,0
1017671400,35.8,36.89999,34.17999,34.37,1,0,0,0,,5,0,0,0,0
1018272600,33.479,34.98,32.88901,33.52,2,0,0,0,,5,0,0,0,0
1018877400,33.80299,35.5,33.2,34.46001,3,0,0,0,,5,0,0,0,0
1019482200,34.00999,34.02,31.00999,31.03999,4,0,0,0,,5,0,0,0,0
1020087000,31.244,32.19501,23.88,29.74001,5,0,0,0,,5,0,0,0,0
1020691800,29.63699,31.89,28.42,29.56,6,0,0,0,,5,0,0,0,0
1021296600,29.87,33.63,29.675,32.92999,7,0,0,0,,6,0,0,0,0
1021901400,32.60001,32.7,30.41,31.24001,0,1,0,0,,6,0,0,0,0
1022592600,31.47099,31.52699,29.89999,30.03999,0,2,0,0,,6,0,0,0,0
1023111000,30.008,30.25,27.52,28.3,1,0,0,0,,6,0,0,0,0
1023715800,28.36,28.75,26.2,27.62,2,0,0,0,,6,0,0,0,0
1024320600,28.002,29.14999,25.64999,25.82001,3,0,0,0,,6,0,0,0,0
1024925400,25.457,26.8,20.59,26.10001,4,0,0,0,,6,0,0,0,0
1025530200,25.978,26.39,23.09,26.34,5,0,0,0,,6,0,0,0,0
1026135000,26.2,26.55,23.53,24.8,6,0,0,0,,6,0,0,0,0
1026739800,24.688,26.44,23.75,23.99001,7,0,0,0,,6,0,0,0,0
1027344600,23.855,24.5,21.64,22.67,8,0,0,0,,6,0,0,0,0
1027949400,23.27699,24.69,21.82001,22.25,9,0,1,0,1,,0,0,1,1
1028554200,22.11,23.717,21.3,23.33,10,0,0,0,1,,0,0,0,0
1029159000,23.05,25,22.47,24.7,0,1,0,0,1,,0,0,0,0
1029763800,24.77,26.21001,24.67999,25.14999,0,2,0,0,1,,0,0,0,0
1030368600,25.3,25.51801,23.02,23.49001,0,3,0,0,1,,0,0,0,0
1031059800,23.06,23.42999,21.92999,22.85001,1,0,0,0,2,,0,0,0,0
1031578200,22.677,24.35001,22.39,22.99001,2,0,0,0,3,,0,0,0,0
1032183000,22.86,23.21001,21.48,21.67,3,0,0,0,4,,0,0,0,0
1032787800,21.45,22.33,20.64999,21.31,4,0,0,0,5,,0,0,0,0
1033392600,21.07001,21.99001,20.11011,20.35001,5,0,0,0,6,,0,0,0,0
1033997400,20.25999,22.38,19.75999,22.22,6,0,0,0,6,,0,0,0,0
1034602200,21.87,23.85001,21.78,23.81,0,1,0,0,6,,0,0,0,0
1035207000,23.52,24.86,23.3,24.62,0,2,0,0,6,,0,0,0,0
1035815400,25,25.39999,23.37,25.25,0,3,0,0,6,,0,0,0,0
1036420200,26.05,26.82001,24.96001,25.07001,0,4,0,0,6,,0,0,0,0
1037025000,24.95,26.45,24.14999,26.44,0,5,0,0,6,,0,0,0,0
1037629800,26.715,29.7,25.3,27.72,0,6,0,0,6,,0,0,0,0
1038234600,27.75999,28.28999,26.89999,27.72,0,7,0,0,6,,0,0,0,0
1038839400,28.42,28.78999,25.74001,26.47,0,8,0,0,6,,0,0,0,0
1039444200,26.22,26.55,25.00999,25.03999,1,0,0,0,7,,0,0,0,0
1040049000,25.22,26.2,24.81,25.32001,2,0,0,0,8,,0,0,0,0
1040653800,25.17999,25.91,24.75,24.82001,3,0,0,0,9,,0,0,0,0
1041258600,24.84,25.71001,24.28,25.67999,4,0,0,0,9,,0,0,0,0
1041863400,25.71001,27.25999,25.2,27.10001,0,1,0,0,9,,0,0,0,0
1042468200,27.33,27.47,25.27,25.31,1,0,0,0,9,,0,0,0,0
1043159400,25.41,25.84,24.64,24.82001,0,0,0,0,10,,0,0,0,0
1043677800,24.45,25.45,24.00999,24.44,1,0,0,0,11,,0,0,0,0
1044282600,24.528,24.86,23.64999,23.81,2,0,0,0,12,,0,0,0,0
1044887400,23.899,24.61,23.32001,24.49001,3,0,0,0,12,,0,0,0,0
1045578600,24.7,25.37,24.50999,25.17,0,1,0,0,12,,0,0,0,0
1046097000,25.13,25.22,24.08,25.16,0,2,0,0,12,,0,0,0,0
1046701800,25.27,25.48,23.96001,24.53999,0,3,0,0,12,,0,0,0,0
1047306600,24.33,25.98,23.53999,25.72,0,4,0,0,12,,0,0,0,0
1047911400,25.42999,27.75999,25.35001,27.17,0,5,0,0,12,,0,0,0,0
1048516200,26.47,26.77,25.95,26.08,0,6,0,0,12,,0,0,0,0
1049121000,25.60001,26.85001,25.21001,26.05,0,7,0,0,12,,0,0,0,0
1049722200,27.11,27.2,25.3,25.50999,1,0,0,0,13,,1,0,0,0
1050327000,25.60001,26.98,25.491,26.82001,2,0,0,0,13,,1,0,0,0
1050931800,26.948,27.75,26.62,26.95,0,1,0,0,13,,1,0,0,0
1051536600,27.05,28.28999,26.95,28.28,0,2,0,0,13,,1,0,0,0
1052141400,28.325,28.89999,27.75999,28.41,0,3,0,0,13,,1,0,0,0
1052746200,28.36,28.99001,28.17,28.7,0,4,0,0,13,,1,0,0,0
1053351000,28.52,28.67999,27.41,28.10001,0,5,0,0,13,,1,0,0,0
1054042200,27.92999,29.87,27.89999,29.78999,0,6,0,0,13,,1,0,0,0
1054560600,30.08,31.47,28.66,30.13,0,7,0,0,13,,1,0,0,0
1055165400,30,30.75,29.53,29.96001,0,8,0,0,13,,1,0,0,0
1055770200,30.17,31.24001,30,30.38,0,9,0,1,,1,0,0,1,1
1056375000,30.33,30.57001,29.47,29.83,0,10,0,0,,1,0,0,0,0
1056979800,30.16,31.10001,29.25999,30.58,0,11,0,0,,1,0,0,0,0
1057584600,30.97,32.49001,30.96201,31.84,0,12,0,0,,2,0,0,0,0
1058189400,32.34399,32.75,30.92,31.28,0,13,0,0,,3,0,0,0,0
1058794200,31.24001,32.02,30.61,31.8,0,14,0,0,,3,0,0,0,0
1059399000,31.86,32.33,31.23,31.46001,0,15,0,0,,3,0,0,0,0
1060003800,31.42,31.92,29.92999,30.07001,1,0,0,0,,3,0,0,0,0
1060608600,30.08,31.28999,30.03,31.17,2,0,0,0,,3,0,0,0,0
1061213400,31.31,33.37,31.05,32.44,0,1,0,0,,4,0,0,0,0
1061818200,32.36,33.46001,31.81,33.39,0,2,0,0,,5,0,0,0,0
1062509400,33.49001,34.34,33.13,33.94,0,3,0,0,,6,0,0,0,0
1063027800,34,34.53,33.00999,33.82001,0,4,0,0,,7,0,0,0,0
1063632600,33.84,34.86,33.444,34.58,0,5,0,0,,8,0,0,0,0
1064237400,34.13,34.8,32.52,32.58,1,0,0,0,,8,0,0,0,0
1064842200,32.75999,34.47,32.35699,34.19,0,1,0,0,,8,0,0,0,0
1065447000,34.28,35.27,34.00999,35.00999,0,2,0,0,,9,0,0,0,0
1066051800,35.14,35.85001,34.60001,34.61,0,3,0,0,,10,0,0,0,0
1066656600,34.64999,35.67999,33.49001,34.2,0,4,0,0,,10,0,0,0,0
1067265000,34.28,36,34.03999,35.17999,0,5,0,0,,10,0,0,0,0
1067869800,35.42999,36.17999,35.14999,35.63,0,6,0,0,,10,0,0,0,0
1068474600,35.7,36.02,34.85001,35.03999,0,7,0,0,,10,0,0,0,0
1069079400,34.84,34.97,33.73,34.23199,0,8,0,0,,10,0,0,0,0
1069684200,34.52,35.52,34.47,35.38,0,9,0,1,,1,0,0,1,1
1070289000,35.71001,36.12,34.95799,35.03999,1,0,0,0,,2,0,0,0,0
1070893800,35.02,35.46001,34.13,35.24001,0,1,0,0,,2,0,0,0,0
1071498600,35.92999,35.99001,34.42,35.46001,0,2,0,0,,2,0,0,0,0
1072103400,35.35001,36.09,35.28999,35.85001,0,3,0,0,,3,0,0,0,0
1072708200,36.03,36.78999,36.02,36.36,0,4,0,0,,4,0,0,0,0
1073313000,36.58,38.35001,36.56,37.73,0,5,0,0,,5,0,0,0,0
1073917800,37.85001,38.63,37.60001,38.57001,0,6,0,0,,6,0,0,0,0
1074609000,38.73,39,37.78,38.00999,0,7,0,0,,6,0,0,0,0
1075127400,37.98,38.64999,36.66,37.07001,0,8,0,0,,6,0,0,0,0
1075732200,37.2,37.75999,36.32899,37.131,1,0,0,0,,6,0,0,0,0
1076337000,37.34,37.7,36.75999,36.94,2,0,0,0,,6,0,0,0,0
1077028200,37.28,37.89999,36.55,36.86,3,0,0,0,,6,0,0,0,0
1077546600,37,37.03,35.89999,36.57001,4,0,0,0,,6,0,0,0,0
1078151400,36.67999,37.17999,36.21001,36.63,5,0,0,0,,6,0,0,0,0
1078756200,36.69,36.82001,34.8,35.50999,6,0,0,0,,6,0,0,0,0
1079361000,35.36,35.62,34.63,34.75,7,0,0,0,,6,0,0,0,0
1079965800,34.53,35.584,34.006,35.22,8,0,0,0,,6,0,0,0,0
1080570600,35.50999,37.16,35.49001,37.10001,0,1,0,0,,7,0,0,0,0
1081171800,37.03999,37.5,36.66,36.94,0,2,0,0,,8,0,0,0,0
1081776600,37.07001,37.36,35.78999,36.09,0,3,0,0,,8,0,0,0,0
1082381400,36.00999,37.25999,35.45,37.21001,0,4,0,0,,8,0,0,0,0
1082986200,37.17999,37.28999,34.72,34.77,1,0,0,0,,8,0,0,0,0
1083591000,35,35.75,34.85001,34.97,2,0,0,0,,8,0,0,0,0
1084195800,34.67,35.45,34.27,34.75,3,0,0,0,,8,0,0,0,0
1084800600,34.38,35.511,34.11,35.019,4,0,0,0,,8,0,0,0,0
1085405400,35.3,36.55,34.94901,36.55,0,1,0,0,,9,0,0,0,0
1086096600,36.25999,36.66,35.82001,36.19,0,2,0,0,,10,0,0,0,0
1086615000,36.44,37.19,36.34,36.84,0,3,0,0,,11,0,0,0,0
1087219800,36.61,36.99001,36.10001,36.44,0,4,0,0,,11,0,0,0,0
1087824600,36.52,37.39,36.015,37.33,0,5,0,0,,12,0,0,0,0
1088429400,37.49001,37.89999,36.63,36.82001,0,6,0,0,,12,0,0,0,0
1089120600,36.60001,36.60001,35.55,35.75,1,0,0,0,,12,0,0,0,0
1089639000,35.57001,35.81,34.619,34.67,2,0,0,0,,12,0,0,0,0
1090243800,34.78,35.64999,34.03,34.21001,3,0,0,0,,12,0,0,0,0
1090848600,34.24001,35.10001,33.7,34.89,4,0,0,0,,12,0,0,0,0
1091453400,34.61,35.02,32,32.72,5,0,0,0,,12,0,0,0,0
1092058200,32.81,33.48199,32.35001,32.52,6,0,0,0,,12,0,0,0,0
1092663000,32.61,34.14101,32.586,34.00999,7,0,0,0,,12,0,0,0,0
1093267800,34.05,34.67999,33.81,34.56,8,0,0,0,,13,0,1,0,0
1093872600,34.41,34.88,33.64999,34.14101,0,1,0,0,,13,0,1,0,0
1094563800,34.39999,35.19,34.12,35.12,0,2,0,0,,14,0,0,0,0
1095082200,35.25,35.73,35.10001,35.42999,0,3,0,0,,15,0,0,0,0
1095687000,35.28999,35.85001,34.75,34.799,0,4,0,0,,15,0,0,0,0
1096291800,34.62,36.14999,34.23,36.10001,0,5,0,0,,16,0,0,0,0
1096896600,36.36,36.95,35.5,35.58,0,6,0,0,,16,0,0,0,0
1097501400,35.69,36.14,35.2,35.63,0,7,0,0,,16,0,0,0,0
1098106200,35.50999,36.78999,35.39999,35.8,0,8,0,0,,16,0,0,0,0
1098711000,35.73,37.24001,35.41,36.89999,0,9,0,1,,1,0,0,1,1
1099319400,36.98,38.16,36.8,37.96001,0,10,0,0,,2,0,0,0,0
1099924200,37.95,38.75999,37.64,38.66,0,11,0,0,,3,0,0,0,0
1100529000,38.64,39.36,38.32001,38.67999,0,12,0,0,,4,0,0,0,0
1101133800,38.61,39.48,38.48,39.21001,0,13,0,0,,5,0,0,0,0
1101738600,39.46001,40.59,38.97,40.13,0,14,0,0,,6,0,0,0,0
1102343400,40.12,40.5,38.81,39.92999,0,15,0,0,,7,0,0,0,0
1102948200,40.22,40.67999,37.21001,39.47501,0,16,0,0,,7,0,0,0,0
1103553000,39.57001,39.92999,39.09,39.758,0,17,0,0,,7,0,0,0,0
1104157800,39.98,40.16,39.39999,39.91499,1,0,0,0,,7,0,0,0,0
1104762600,40.08,40.29201,38.21001,38.55,2,0,0,0,,7,0,0,0,0
1105367400,38.44,38.87,38.00999,38.42999,3,0,0,0,,7,0,0,0,0
1106058600,38.28,38.78999,36.99001,37.05,4,0,0,0,,7,0,0,0,0
1106577000,37.12,37.28999,36.46001,36.92,5,0,0,0,,7,0,0,0,0
1107181800,37.36,37.82001,37,37.75,6,0,0,0,,7,0,0,0,0
1107786600,37.8,38.00999,36.88,37.7,7,0,0,0,,8,0,0,0,0
1108391400,37.71001,38.48,37.25999,37.35001,0,1,0,0,,8,0,0,0,0
1109082600,37.03,37.7,36.69701,37.62,0,2,0,0,,8,0,0,0,0
1109601000,37.46001,38.02,36.923,37.52,1,0,0,0,,8,0,0,0,0
1110205800,37.61,38.28999,37.0199,37.17,2,0,0,0,,8,0,0,0,0
1110810600,37.24001,37.48,36.35001,36.50999,3,0,0,0,,8,0,0,0,0
1111415400,36.61,36.75,36.07001,36.27,4,0,0,0,,8,0,0,0,0
1112020200,36.41,36.884,35.94,36.2,5,0,0,0,,8,0,0,0,0
1112621400,36.25999,37.07001,36.03,36.64,6,0,0,0,,8,0,0,0,0
1113226200,36.75,36.78,34.67999,34.74001,7,0,0,0,,8,0,0,0,0
1113831000,34.72,35.71001,34.59,35.09,8,0,0,0,,8,0,0,0,0
1114435800,35.3,35.7,34.35001,34.98,9,0,1,0,1,,0,0,1,1
1115040600,35.07001,36.02,34.886,35.85699,10,0,0,0,1,,0,0,0,0
1115645400,35.87,36.47,35.3,36.24001,0,1,0,0,1,,0,0,0,0
1116250200,36.24001,37.69,36.13,37.66,0,2,0,0,1,,0,0,0,0
1116855000,37.66,38.27,37.59,38.21001,0,3,0,0,1,,0,0,0,0
1117546200,38.19,38.67999,37.92,38.10001,0,4,0,0,1,,0,0,0,0
1118064600,38.12,38.47099,37.38,37.547,0,5,0,0,2,,0,0,0,0
1118669400,37.48,38.21001,37.25,37.87,0,6,0,0,3,,0,0,0,0
1119274200,37.72,38.17999,36.95799,36.97,1,0,0,0,4,,0,0,0,0
1119879000,36.95,37.25999,36.67999,36.72501,2,0,0,0,5,,0,0,0,0
1120570200,36.64,37.81,36.5498,37.77,0,1,0,0,5,,0,0,0,0
1121088600,37.87,39,37.8,38.89,0,2,0,0,5,,0,0,0,0
1121693400,38.75999,39.69299,38.688,39.42,0,3,0,0,5,,0,0,0,0
1122298200,39.44,39.92101,39.19,39.575,0,4,0,0,5,,0,0,0,0
1122903000,39.64,40.14,39.427,39.48,0,5,0,0,5,,0,0,0,0
1123507800,39.52,39.685,38.97,39.21001,0,6,0,0,5,,0,0,0,0
1124112600,39.14,39.63,38.74001,38.82001,1,0,0,0,6,,0,0,0,0
1124717400,38.88,39.17999,38.27,38.4599,2,0,0,0,7,,0,0,0,0
1125322200,38.25999,39.14999,38.25999,38.77,3,0,0,0,7,,0,0,0,0
1126013400,38.94,39.69,38.89999,39.619,0,1,0,0,7,,0,0,0,0
1126531800,39.63,39.91,39.05,39.39999,0,2,0,0,7,,0,0,0,0
1127136600,39.32001,39.541,38.24001,38.75,0,3,0,0,8,,0,0,0,0
1127741400,38.97,39.48,38.44501,39.46001,0,4,0,0,8,,0,0,0,0
1128346200,39.55,39.88,37.92,38.34,1,0,0,0,8,,0,0,0,0
1128951000,38.28999,38.461,37.33,38.06,2,0,0,0,9,,0,0,0,0
1129555800,38.06,38.86,37.61,38.55,3,0,0,0,9,,0,0,0,0
1130160600,38.71201,39.274,37.92,38.32201,4,0,0,0,9,,0,0,0,0
1130769000,38.42999,40.23,38.42,40.08,0,1,0,0,9,,0,0,0,0
1131373800,40.2,40.918,39.92,40.71001,0,2,0,0,9,,0,0,0,0
1131978600,40.75999,41.651,40.38,41.45,0,3,0,0,9,,0,0,0,0
1132583400,41.397,42.02,41.24001,41.89,0,4,0,0,9,,0,0,0,0
1133188200,41.96001,42.133,41.189,42.10699,0,5,0,0,9,,0,0,0,0
1133793000,42.05,42.31,41.27,41.715,0,6,0,0,9,,0,0,0,0
1134397800,41.87,42.211,41.549,41.58,0,7,0,0,9,,0,0,0,0
1135002600,41.69,41.71001,40.75,41.403,1,0,0,0,9,,0,0,0,0
1135693800,41.5,41.67999,40.36,40.412,2,0,0,0,10,,0,0,0,0
1136298600,40.64,42.7,40.16,42.67999,0,1,0,0,10,,0,0,0,0
1136817000,42.64999,43.31,42.52,42.98,0,2,0,0,10,,0,0,0,0
1137508200,42.67,42.82001,41.14999,41.25,1,0,0,0,10,,0,0,0,0
1138026600,41.36,42.39,41.08,42.11,0,1,0,0,11,,0,0,0,0
1138631400,42.14,42.32001,40.78,40.92,1,0,0,0,12,,0,0,0,0
1139236200,40.89,41.37,40.25999,40.96001,2,0,0,0,13,,1,0,0,0
1139841000,40.72,41.55,40.3,41.21001,3,0,0,0,13,,1,0,0,0
1140532200,41.22,41.53999,40.61,41.25999,4,0,0,0,13,,1,0,0,0
1141050600,41.37,42.00999,40.97,41.45,0,1,0,0,13,,1,0,0,0
1141655400,41.53,41.63,40.19,40.56,1,0,0,0,14,,0,0,0,0
1142260200,40.75999,41.9201,40.62,41.45,0,1,0,0,14,,0,0,0,0
1142865000,41.58,42.00999,40.82001,41.3,0,2,0,0,14,,0,0,0,0
1143469800,41.28,42.30009,40.99001,41.92999,0,3,0,0,14,,0,0,0,0
1144071000,42.14999,43.05,41.89999,42.32001,0,4,0,0,14,,0,0,0,0
1144675800,42.39999,42.5,41.71001,42.10001,0,5,0,0,14,,0,0,0,0
1145280600,42.03999,42.86,41.39,42,0,6,0,0,14,,0,0,0,0
1145885400,41.96001,42.49001,41.5,41.85001,1,0,0,0,14,,0,0,0,0
1146490200,41.92999,42.3,41.28,42.16,2,0,0,0,14,,0,0,0,0
1147095000,42.08,42.28,39.96001,40.19,3,0,0,0,15,,0,0,0,0
1147699800,40.03,40.34,38.75,39.35001,4,0,0,0,16,,0,0,0,0
1148304600,39.02,39.58,38.23,39.49001,5,0,0,0,17,,0,0,0,0
1148995800,39.31,40,38.53999,39.642,6,0,0,0,17,,0,0,0,0
1149514200,39.55,39.56,37.49001,38.14999,7,0,0,0,18,,0,0,0,0
1150119000,38.2,38.78999,37.16,38.34,8,0,0,0,19,,0,0,0,0
1150723800,38.5,38.99001,37.91,38.14999,9,0,1,0,1,,0,0,1,1
1151328600,38.17,39.14,37.38,38.77,10,0,0,0,1,,0,0,0,0
1151933400,38.88,39,37.57001,37.69,11,0,0,0,2,,0,0,0,0
1152538200,37.78999,37.92999,35.78999,35.94,12,0,0,0,3,,0,0,0,0
1153143000,35.955,36.83,35.53999,35.7,13,0,0,0,4,,0,0,0,0
1153747800,35.85001,37.14,35.8,37.11,14,0,0,0,4,,0,0,0,0
1154352600,37.08,37.63,36.25999,36.95,15,0,0,0,4,,0,0,0,0
1154957400,36.92,37.31,36.25999,36.53,0,1,0,0,4,,0,0,0,0
1155562200,36.86,38.98,36.7,38.78999,0,2,0,0,4,,0,0,0,0
1156167000,38.47,38.81,37.92,38.32001,0,3,0,0,4,,0,0,0,0
1156771800,38.28,39.21001,38.17999,39.08,0,4,0,0,4,,0,0,0,0
1157463000,39.11,39.48,38.36,38.72,0,5,0,0,4,,0,0,0,0
1157981400,38.41,40.46001,38.3199,40.11,0,6,0,0,4,,0,0,0,0
1158586200,40.12,40.67,39.52,39.87,0,7,0,0,4,,0,0,0,0
1159191000,40.05,40.95,39.67999,40.64999,0,8,0,0,4,,0,0,0,0
1159795800,40.60001,41.56,39.88,41.41,0,9,0,1,,1,0,0,1,1
1160400600,41.375,42.52,41.17,42.42999,0,10,0,0,,2,0,0,0,0
1161005400,42.42999,42.62,41.59,42,0,11,0,0,,3,0,0,0,0
1161610200,41.92,42.92,41.82001,42.21001,0,12,0,0,,3,0,0,0,0
1162218600,42.17,42.77,41.61,41.92999,0,13,0,0,,3,0,0,0,0
1162823400,42.06,43.35001,42.06,43.03,0,14,0,0,,4,0,0,0,0
1163428200,43.06,44.42,43,44.3,0,15,0,0,,5,0,0,0,0
1164033000,44.16,44.86,44.00999,44.64999,0,16,0,0,,6,0,0,0,0
1164637800,44.52,44.61,43.25999,43.66,0,17,0,0,,6,0,0,0,0
1165242600,43.78999,44.55,43.47,43.89999,0,18,0,0,,6,0,0,0,0
1165847400,43.83501,44.75999,43.56,44.42999,0,19,0,0,,6,0,0,0,0
1166452200,44.58,44.75,42.92999,42.92999,1,0,0,0,,6,0,0,0,0
1167143400,42.92999,43.61,42.88,43.16,2,0,0,0,,6,0,0,0,0
1167834600,43.46001,44.21001,42.52,43.85001,3,0,0,0,,6,0,0,0,0
1168266600,43.88,45.35001,43.63,45.31,0,1,0,0,,7,0,0,0,0
1168957800,45.33,45.39999,43.91,44.17,0,2,0,0,,7,0,0,0,0
1169476200,44.21001,44.47,43.28999,43.57001,0,3,0,0,,7,0,0,0,0
1170081000,43.45,44.39999,43.33,44.16,0,4,0,0,,7,0,0,0,0
1170685800,44.14,44.72,43.64,43.84,1,0,0,0,,7,0,0,0,0
1171290600,43.88,44.86,43.59,44.71001,0,1,0,0,,8,0,0,0,0
1171981800,44.64999,45.55,44.42999,45.25999,0,2,0,0,,9,0,0,0,0
1172500200,45.48,45.5,42.24001,42.48,1,0,0,0,,9,0,0,0,0
1173105000,42.16,43.34,42.06,42.92999,2,0,0,0,,9,0,0,0,0
1173706200,42.88,43.28,42.10001,42.83,3,0,0,0,,9,0,0,0,0
1174311000,43.06,44.45,42.95,44.12,4,0,0,0,,10,0,0,0,0
1174915800,44.14,44.32001,43.10001,43.53,0,1,0,0,,11,0,0,0,0
1175520600,43.67,44.58,43.3,44.56,0,2,0,0,,12,0,0,0,0
1176125400,44.71001,44.75,43.95,44.64999,0,3,0,0,,13,0,1,0,0
1176730200,44.83,45.67,44.72,45.39999,0,4,0,0,,14,0,0,0,0
1177335000,45.44,46.7,45.33,46.57001,0,5,0,0,,15,0,0,0,0
1177939800,46.5,46.89,45.66,46.63,0,6,0,0,,16,0,0,0,0
1178544600,46.64999,46.97,46.07001,46.78,0,7,0,0,,17,0,0,0,0
1179149400,46.77,46.88,45.91,46.71001,0,8,0,0,,17,0,0,0,0
1179754200,46.74001,47.37,45.97,46.45,1,0,0,0,,17,0,0,0,0
1180445400,46.49001,47.77,46.35001,47.44,0,1,0,0,,18,0,0,0,0
1180963800,47.27,47.64,46.16,46.91,0,2,0,0,,18,0,0,0,0
1181568600,46.89,47.87,46.45,47.73,0,3,0,0,,18,0,0,0,0
1182173400,47.85001,47.92,47.08,47.28999,0,4,0,0,,18,0,0,0,0
1182778200,47.31,47.88,46.7,47.60001,0,5,0,0,,18,0,0,0,0
1183383000,47.71001,48.91,47.67999,48.86,0,6,0,0,,19,0,0,0,0
1183987800,48.89999,49.97,48.32001,49.89999,0,7,0,0,,20,0,0,0,0
1184592600,49.89999,50.66,49.64,50.05,0,8,0,0,,21,0,0,0,0
1185197400,50.21001,50.31,47.99001,47.99001,0,9,0,1,,1,0,0,1,1
1185802200,48.21001,48.99001,46.98,47.42,1,0,0,0,,1,0,0,0,0
1186407000,47.46001,49.06,46.63,47.28,2,0,0,0,,1,0,0,0,0
1187011800,47.67999,47.88,40.55,46.31,3,0,0,0,,1,0,0,0,0
1187616600,46.48,48.24001,46.08,48.2,0,1,0,0,,1,0,0,0,0
1188221400,48.05,49.06,46.71001,48.87,0,2,0,0,,2,0,0,0,0
1188912600,48.92,50,47.95,48.23,0,3,0,0,,2,0,0,0,0
1189431000,48.62,49.37,47.81,49.22,0,4,0,0,,3,0,0,0,0
1190035800,48.99001,52.77,48.59,50.36,0,5,0,0,,4,0,0,0,0
1190640600,50.49001,51.67999,50.33,51.41,0,6,0,0,,5,0,0,0,0
1191245400,51.45,52.89999,51.34,52.81799,0,7,0,0,,6,0,0,0,0
1191850200,52.8,53.94,52.28,53.53,0,8,0,0,,7,0,0,0,0
1192455000,53.61,53.89,52.39,52.44,0,9,0,1,,1,0,0,1,1
1193059800,52.16,54.21001,52,53.92999,0,10,0,0,,1,0,0,0,0
1193664600,54.19,55.07001,53.60001,54.42,0,11,0,0,,2,0,0,0,0
1194273000,53.86,54.69,50,50,1,0,0,0,,2,0,0,0,0
1194877800,49.92,51.44,48.64999,50.28,2,0,0,0,,2,0,0,0,0
1195482600,50.17,50.78,48.85001,49.84,3,0,0,0,,2,0,0,0,0
1196087400,49.98,52.25,48.89999,51.31,4,0,0,0,,2,0,0,0,0
1196692200,51.14,52.53999,50.38,52.33,0,1,0,0,,3,0,0,0,0
1197297000,52.44,52.84,50.89,50.97,0,2,0,0,,3,0,0,0,0
1197901800,50.78,51.89999,49.17999,51.85001,0,3,0,0,,3,0,0,0,0
1198506600,52.00999,52.63,51.42999,51.86,0,4,0,0,,3,0,0,0,0
1199111400,51.56,51.67999,48.21001,48.39999,1,0,0,0,,3,0,0,0,0
1199716200,48.41,48.75999,46.46001,47.05,2,0,0,0,,3,0,0,0,0
1200321000,47.69,48.00999,44.75999,45.35001,3,0,0,0,,3,0,0,0,0
1201012200,42.83,45.87,41.61,43.99001,4,0,0,0,,3,0,0,0,0
1201530600,44.02,45.88,43.57001,45.5899,5,0,0,0,,3,0,0,0,0
1202135400,45.58,45.61,42.14999,43.60001,6,0,0,0,,3,0,0,0,0
1202740200,43.78,44.88,43.45,43.82001,7,0,0,0,,3,0,0,0,0
1203431400,44.39,44.5,42.60001,43.67999,8,0,0,0,,3,0,0,0,0
1203949800,43.62,44.53,42.85001,42.95,9,0,1,0,1,,0,0,1,1
1204554600,42.92999,43.53999,41.38,42.07001,10,0,0,0,2,,0,0,0,0
1205155800,42.00999,43.44,41.17,42.25,11,0,0,0,3,,0,0,0,0
1205760600,41.25999,43.60001,41.05,43.09,12,0,0,0,3,,0,0,0,0
1206365400,43.28,45.07001,43.28,43.49001,0,1,0,0,3,,0,0,0,0
1206970200,43.64999,46.35001,43.45,45.86,0,2,0,0,3,,0,0,0,0
1207575000,46.14999,46.41,44.12,44.28,0,3,0,0,3,,0,0,0,0
1208179800,44.21001,46.92999,43.67999,46.71001,0,4,0,0,3,,0,0,0,0
1208784600,46.61,47.78999,45.92999,47.14999,0,5,0,0,3,,0,0,0,0
1209389400,47.25,49.19,47.03,48.77,0,6,0,0,3,,0,0,0,0
1209994200,48.73,49.23,47.87199,48.21001,0,7,0,0,3,,0,0,0,0
1210599000,48.28,50.11,48.2,50.0099,0,8,0,0,3,,0,0,0,0
1211203800,50.05,50.47,47.82001,48.2,0,9,0,1,,1,0,0,1,1
1211895000,48.32001,50.24001,48.28999,50.00999,0,10,0,0,,1,0,0,0,0
1212413400,49.92,50.61,48.67,49.03,0,11,0,0,,1,0,0,0,0
1213018200,49.11,49.19,47,48.37,1,0,0,0,,1,0,0,0,0
1213623000,48.12,49.06,47.21001,47.42,2,0,0,0,,1,0,0,0,0
1214227800,47.62,48,44.97,45.64999,3,0,0,0,,1,0,0,0,0
1214832600,45.53,46.13,44.28,44.63,4,0,0,0,,1,0,0,0,0
1215437400,45.05,46.03,43.85001,44.56,5,0,0,0,,1,0,0,0,0
1216042200,45.13,45.82001,43.3,44.59,6,0,0,0,,1,0,0,0,0
1216647000,45,45.89,43.86,45.27,7,0,0,0,,1,0,0,0,0
1217251800,45.27,46.14999,44.21001,44.88,0,1,0,0,,1,0,0,0,0
1217856600,44.87,47.44,44.3,47.32001,0,2,0,0,,2,0,0,0,0
1218461400,47.3,48.57001,47.14,48.16,0,3,0,0,,3,0,0,0,0
1219066200,48.28999,48.31,46.38,47.49001,0,4,0,0,,4,0,0,0,0
1219671000,47.14999,47.28,45.92,46.12,0,5,0,0,,4,0,0,0,0
1220362200,46.86,47.08,42.81,43.45,1,0,0,0,,4,0,0,0,0
1220880600,44.03999,44.22,42.17,43.42999,2,0,0,0,,4,0,0,0,0
1221485400,42.39999,43.83,39.5,42.89999,3,0,0,0,,4,0,0,0,0
1222090200,42.75,42.84,40.22,41.08,4,0,0,0,,4,0,0,0,0
1222695000,40.25999,40.38,36.10001,36.17999,5,0,0,0,,4,0,0,0,0
1223299800,35.25999,35.53,29.38,31.32001,6,0,0,0,,4,0,0,0,0
1223904600,32.86,36.14999,29.25,32.3,7,0,0,0,,4,0,0,0,0
1224509400,32.78999,33.25999,28.09,29.50999,8,0,0,0,,4,0,0,0,0
1225114200,29.14,33.42999,28.66,32.89,9,0,1,0,1,,0,0,1,1
1225722600,32.81,34.00999,30.3999,31.19,10,0,0,0,1,,0,0,0,0
1226327400,31.94,31.97,27.28,28.98,11,0,0,0,1,,0,0,0,0
1226932200,28.49001,29.23,25.05,26.67,12,0,0,0,2,,0,0,0,0
1227537000,27.22,29.36,26.98,29.12,13,0,0,0,2,,0,0,0,0
1228141800,28.5,29.07001,26.84039,28.94,14,0,0,0,2,,0,0,0,0
1228746600,29.55,30.83,28.47,29.67999,0,1,0,0,2,,0,0,0,0
1229351400,29.73,30.66,28.74001,29.86,0,2,0,0,2,,0,0,0,0
1229956200,29.86,29.92,28.74001,29.13,0,3,0,0,2,,0,0,0,0
1230561000,29.23,31.13,28.46001,31.03,0,4,0,0,2,,0,0,0,0
1231165800,30.82001,31.63,29.92,30.07001,0,5,0,0,2,,0,0,0,0
1231770600,30.12,30.14999,28.07001,29.42,1,0,0,0,2,,0,0,0,0
1232461800,29.28999,29.42999,27.96001,28.89999,2,0,0,0,3,,0,0,0,0
1232980200,28.96001,30.64999,28.75,29.06,3,0,0,0,3,,0,0,0,0
1233585000,28.77,31.50999,28.74001,31.37,0,1,0,0,3,,0,0,0,0
1234189800,31.39,31.67999,29.64,30.42999,0,2,0,0,3,,0,0,0,0
1234881000,29.47,29.67,28.39,28.87,1,0,0,0,3,,0,0,0,0
1235399400,29.03,29.17,27.39,27.53,2,0,0,0,4,,0,0,0,0
1236004200,27.12,27.71001,25.71001,26.3,3,0,0,0,5,,0,0,0,0
1236605400,26.05,28.84,25.6301,28.74001,4,0,0,0,5,,0,0,0,0
1237210200,28.89999,30.2,28.19,29.17999,0,1,0,0,5,,0,0,0,0
1237815000,29.86,31.46001,29.19839,30.82001,0,2,0,0,5,,0,0,0,0
1238419800,30.28999,32.39999,29.62,32.35001,0,3,0,0,5,,0,0,0,0
1239024600,31.97,33.00999,31.21001,32.94,0,4,0,0,5,,0,0,0,0
1239629400,32.8,33.5,31.85001,33.31,0,5,0,0,5,,0,0,0,0
1240234200,32.7,33.92999,32.06,33.69,0,6,0,0,5,,0,0,0,0
1240839000,33.42,34.89999,33.35001,34.37,0,7,0,0,5,,0,0,0,0
1241443800,34.67,35.34,33.88,34.23,0,8,0,0,5,,0,0,0,0
1242048600,33.78,34.72,32.96001,33.37,0,9,0,1,,1,0,0,1,1
1242653400,33.59,35.03999,33.31,33.53999,1,0,0,0,,1,0,0,0,0
1243344600,33.19,35.5,33.17999,35.38,0,1,0,0,,2,0,0,0,0
1243863000,35.73,37.08,35.61,36.78,0,2,0,0,,3,0,0,0,0
1244467800,36.53,37.23,36.12,36.64999,0,3,0,0,,4,0,0,0,0
1245072600,36.28,36.36,35.45,36.16,0,4,0,0,,4,0,0,0,0
1245677400,35.8,36.5,34.77,36.37,0,5,0,0,,4,0,0,0,0
1246282200,36.44,36.84,35.5,35.60001,1,0,0,0,,4,0,0,0,0
1246887000,35.38,35.53999,34.3,34.92,2,0,0,0,,4,0,0,0,0
1247491800,34.95,37.57001,34.48,37.56,0,1,0,0,,5,0,0,0,0
1248096600,37.75,39.49001,37.61,39.05,0,2,0,0,,6,0,0,0,0
1248701400,39.28999,40.17999,38.87,39.45,0,3,0,0,,7,0,0,0,0
1249306200,39.85001,40.19,39.24001,39.88,0,4,0,0,,8,0,0,0,0
1249911000,39.73,40.22,39.05,39.63,0,5,0,0,,8,0,0,0,0
1250515800,38.97,40.36,38.46001,40.28999,0,6,0,0,,9,0,0,0,0
1251120600,40.36,41.08,39.67,40.44,0,7,0,0,,10,0,0,0,0
1251725400,40.16,40.59,39.02,40.36,0,8,0,0,,10,0,0,0,0
1252416600,40.64999,41.62,40.46001,41.52,0,9,0,1,,1,0,0,1,1
1252935000,41.23,42.66,41.21001,42.44,0,10,0,0,,2,0,0,0,0
1253539800,42.22,43.17,41.58,41.7,0,11,0,0,,3,0,0,0,0
1254144600,41.92,42.66,40.72,40.88,0,12,0,0,,3,0,0,0,0
1254749400,41.09,42.62,40.83,42.48,0,13,0,0,,3,0,0,0,0
1255354200,42.63,43.293,42.28,42.78,0,14,0,0,,4,0,0,0,0
1255959000,42.81,43.82001,42.59,43.13,0,15,0,0,,5,0,0,0,0
1256563800,43.17,43.75999,40.92,40.96001,0,16,0,0,,5,0,0,0,0
1257172200,41.00999,42.64999,40.64,42.60001,0,17,0,0,,5,0,0,0,0
1257777000,42.92,44.16,42.88,44.00999,0,18,0,0,,6,0,0,0,0
1258381800,44.19,44.64999,43.28,43.44,0,19,0,0,,7,0,0,0,0
1258986600,43.87,44.39999,42.89999,43.50999,0,20,0,0,,7,0,0,0,0
1259591400,43.41,44.73,43.11,44.12,0,21,0,0,,7,0,0,0,0
1260196200,44.08,44.59,43.32001,44.13,0,22,0,0,,7,0,0,0,0
1260801000,44.42999,44.7,43.75999,44.46001,0,23,0,0,,7,0,0,0,0
1261405800,44.67,45.98,44.67,45.98,0,24,0,0,,8,0,0,0,0
1262010600,46.08,46.3,45.75,45.75,0,25,0,0,,9,0,0,0,0
1262615400,46.32001,46.55,45.92,46.55,0,26,0,0,,10,0,0,0,0
1263220200,46.60001,46.64,45.53,45.85001,0,27,0,0,,10,0,0,0,0
1263911400,45.96001,46.64,44.03999,44.16,1,0,0,0,,10,0,0,0,0
1264429800,44.39,44.89,42.63,42.78999,2,0,0,0,,10,0,0,0,0
1265034600,42.91,43.97,42.12,42.98,3,0,0,0,,10,0,0,0,0
1265639400,42.92,43.88,42.64,43.75999,4,0,0,0,,10,0,0,0,0
1266330600,44.08,45.05,43.85001,44.83,0,1,0,0,,11,0,0,0,0
1266849000,45.00999,45.03,43.83,44.75999,0,2,0,0,,12,0,0,0,0
1267453800,44.95,46.53999,44.95,46.44,0,3,0,0,,13,0,1,0,0
1268058600,46.46001,47.53,46.39999,47.36,0,4,0,0,,14,0,0,0,0
1268659800,47.25999,47.95,46.91,47.49001,0,5,0,0,,15,0,0,0,0
1269264600,47.31,48.60001,47.25,48,0,6,0,0,,16,0,0,0,0
1269869400,48.23,48.7,47.78999,48.16,0,7,0,0,,17,0,0,0,0
1270474200,48.25999,49.05,48.14,49.03,0,8,0,0,,18,0,0,0,0
1271079000,49.05,50.19,48.86,49.53,0,9,0,1,,1,0,0,1,1
1271683800,49.36,50.57001,48.89999,50.52,0,10,0,0,,2,0,0,0,0
1272288600,50.53,50.64999,48.98,49.2375,0,11,0,0,,2,0,0,0,0
1272893400,49.42999,50.17,41.55,45.41,1,0,0,0,,2,0,0,0,0
1273498200,47.42,48.78999,46.38,46.92999,2,0,0,0,,2,0,0,0,0
1274103000,47.03999,47.58,43.49001,44.84,3,0,0,0,,2,0,0,0,0
1274707800,44.81,45.99001,43.23,45.60001,4,0,0,0,,2,0,0,0,0
1275399000,45.45,46.77,44.9375,45.0925,5,0,0,0,,2,0,0,0,0
1275917400,45.34,45.53999,43.59,45.5,6,0,0,0,,2,0,0,0,0
1276522200,45.91,47.34,45.41,47,0,1,0,0,,3,0,0,0,0
1277127000,47.60001,47.67999,44.95,45.27,1,0,0,0,,3,0,0,0,0
1277731800,45.28999,45.55,41.77,42.47,2,0,0,0,,3,0,0,0,0
1278423000,43.09,44.63,42.25,44.62,3,0,0,0,,3,0,0,0,0
1278941400,44.58,45.81,44.3,44.34,4,0,0,0,,3,0,0,0,0
1279546200,44.48,46.10001,43.86,46.06,0,1,0,0,,4,0,0,0,0
1280151000,46.12,46.72,45.07001,45.81,0,2,0,0,,4,0,0,0,0
1280755800,46.38,46.99001,46.05,46.75999,0,3,0,0,,5,0,0,0,0
1281360600,47.00999,47.19,44.45,44.72,0,4,0,0,,5,0,0,0,0
1281965400,44.48,45.82001,44.3,44.92,1,0,0,0,,5,0,0,0,0
1282570200,45.25,45.34,42.97,44.07001,2,0,0,0,,5,0,0,0,0
1283175000,43.87,46.02,43.17999,46.00999,3,0,0,0,,6,0,0,0,0
1283866200,45.82001,46.7,45.625,46.60001,0,1,0,0,,7,0,0,0,0
1284384600,46.95,48.14,46.94,47.995,0,2,0,0,,8,0,0,0,0
1284989400,48.17999,49.69,48.11011,49.66,0,3,0,0,,9,0,0,0,0
1285594200,49.64999,49.84,48.59,49.00999,0,4,0,0,,10,0,0,0,0
1286199000,48.86,49.87,48.2,49.75,0,5,0,0,,11,0,0,0,0
1286803800,49.78,51.5,49.25999,51.49001,0,6,0,0,,12,0,0,0,0
1287408600,51.52,51.72,50.42,51.64,0,7,0,0,,13,0,1,0,0
1288013400,51.85001,52.49001,51.42,52.17999,0,8,0,0,,14,0,0,0,0
1288618200,52.38,53.8614,51.98,53.67,0,9,0,1,,1,0,0,1,1
1289226600,53.57001,54.0401,52.11,52.50999,0,10,0,0,,2,0,0,0,0
1289831400,52.78,52.88,50.85001,52.47,0,11,0,0,,2,0,0,0,0
1290436200,52.25,53.25,51.77,52.968,0,12,0,0,,2,0,0,0,0
1291041000,52.7,53.94,51.88,53.87,0,13,0,0,,3,0,0,0,0
1291645800,53.86,54.55,53.67999,54.495,0,14,0,0,,4,0,0,0,0
1292250600,54.71001,54.74001,54.03,54.52,0,15,0,0,,5,0,0,0,0
1292855400,54.59,54.96001,54.16,54.742,0,16,0,0,,6,0,0,0,0
1293460200,54.62,54.92,54.21001,54.46001,0,17,0,0,,6,0,0,0,0
1294065000,54.959,56.05,54.92,55.87,0,18,0,0,,7,0,0,0,0
1294669800,55.72,57.02,55.58,57,0,19,0,0,,8,0,0,0,0
1295361000,56.52,57.25999,55.64999,55.67999,0,20,0,0,,8,0,0,0,0
1295879400,55.78999,57.35001,55.47,55.73,0,21,0,0,,8,0,0,0,0
1296484200,55.81,57.42,55.39,57.375,0,22,0,0,,9,0,0,0,0
1297089000,57.49001,58.48,57.39999,58.44,0,23,0,0,,10,0,0,0,0
1297693800,58.42999,59.03999,58.23,58.73,0,24,0,0,,11,0,0,0,0
1298385000,58,58.13,56.13,57.64999,0,25,0,0,,11,0,0,0,0
1298903400,57.87,58.36501,56.69501,57.9675,0,26,0,0,,11,0,0,0,0
1299508200,58.21001,58.2599,55.82001,56.49001,1,0,0,0,,11,0,0,0,0
1300109400,56.17999,56.59,53.77,54.45,2,0,0,0,,11,0,0,0,0
1300714200,55.28999,57.22,54.49561,56.84,3,0,0,0,,11,0,0,0,0
1301319000,57.09,57.89999,56.23,57.46001,4,0,0,0,,12,0,0,0,0
1301923800,57.62,57.73,56.64999,56.95,0,1,0,0,,12,0,0,0,0
1302528600,57.16,57.28999,56.14999,56.64999,0,2,0,0,,12,0,0,0,0
1303133400,56.09,58.47,55.32001,58.34,0,3,0,0,,13,0,1,0,0
1303738200,58.39999,59.28999,58.28,59.08,0,4,0,0,,14,0,0,0,0
1304343000,59.19,59.34,58.08,58.47,0,5,0,0,,14,0,0,0,0
1304947800,58.56,59.31,58.24001,58.41,0,6,0,0,,14,0,0,0,0
1305552600,58.16,58.34,56.98,57.765,1,0,0,0,,14,0,0,0,0
1306157400,56.99001,57.49001,56.47,57.42999,2,0,0,0,,14,0,0,0,0
1306848600,57.97,58.36,56.27,56.35001,3,0,0,0,,14,0,0,0,0
1307367000,56.24001,56.53,54.59,54.64,4,0,0,0,,14,0,0,0,0
1307971800,54.71001,55.47,53.61501,53.78999,5,0,0,0,,14,0,0,0,0
1308576600,53.66,55.37,53.64,54.38,6,0,0,0,,14,0,0,0,0
1309181400,54.42999,57.985,54.32001,57.91,0,1,0,0,,15,0,0,0,0
1309872600,57.95,59.36,57.83,59.03,0,2,0,0,,16,0,0,0,0
1310391000,58.41,58.71001,56.87,57.85001,0,3,0,0,,16,0,0,0,0
1310995800,57.535,59.7,56.98,59.60001,0,4,0,0,,17,0,0,0,0
1311600600,59.13,59.83,57.44,58,0,5,0,0,,17,0,0,0,0
1312205400,58.67,58.82001,52.32001,53.83,1,0,0,0,,17,0,0,0,0
1312810200,52.21001,53.89999,49.92999,53.57001,2,0,0,0,,17,0,0,0,0
1313415000,53.77,54.42,49.99001,50.03,3,0,0,0,,17,0,0,0,0
1314019800,51.21001,53.42,50.06,53.13,4,0,0,0,,17,0,0,0,0
1314624600,53.64,55.74001,52.99001,53.28,5,0,0,0,,17,0,0,0,0
1315315800,52.03999,55.1684,51.91,53.17999,6,0,0,0,,17,0,0,0,0
1315834200,52.61,56.64999,52.57001,56.59,0,1,0,0,,18,0,0,0,0
1316439000,55.89999,57.35001,52.75,54.14999,0,2,0,0,,18,0,0,0,0
1317043800,54.42,56.2,52.46001,52.49001,1,0,0,0,,18,0,0,0,0
1317648600,52.03999,54.66,50.095,54.07001,0,1,0,0,,18,0,0,0,0
1318253400,54.98,58.19,54.89,58.17999,0,2,0,0,,19,0,0,0,0
1318858200,57.89999,58.28999,55.78999,57.3,0,3,0,0,,20,0,0,0,0
1319463000,57.52,59.2,56.2126,58.94,0,4,0,0,,21,0,0,0,0
1320067800,58.41,58.64,56.12,57.8,0,5,0,0,,21,0,0,0,0
1320676200,57.75,58.98,56.23,57.85001,1,0,0,0,,21,0,0,0,0
1321281000,57.69,58.36,55.3,55.39999,2,0,0,0,,21,0,0,0,0
1321885800,54.67999,54.73,52.87,52.88,3,0,0,0,,21,0,0,0,0
1322490600,54.16,57.34,54.14,56.62,4,0,0,0,,21,0,0,0,0
1323095400,57.49001,57.62,56.00999,57.02,5,0,0,0,,22,0,0,0,0
1323700200,56.42,57.0087,54.58,54.86,6,0,0,0,,22,0,0,0,0
1324305000,55.06,56.08,54.17,56.08,0,1,0,0,,22,0,0,0,0
1324996200,56.00999,56.42,55.44,55.83,1,0,0,0,,22,0,0,0,0
1325601000,56.91,57.94,56.56,57.81,0,1,0,0,,23,0,0,0,0
1326119400,57.95,58.47,57.431,58.17999,0,2,0,0,,24,0,0,0,0
1326810600,58.71001,59.97,58.49001,59.77,0,3,0,0,,25,0,0,0,0
1327329000,59.8,60.8,59.41,60.39999,0,4,0,0,,26,0,0,0,0
1327933800,59.88,62.12,59.66,62.05,0,5,0,0,,27,0,0,0,0
1328538600,61.82001,62.98,61.66,62.47501,0,6,0,0,,28,0,0,0,0
1329143400,62.92999,63.86,62.63,63.42999,0,7,0,0,,29,0,0,0,0
1329834600,63.50999,64.07001,63.09,63.96001,0,8,0,0,,30,0,0,0,0
1330353000,63.60001,65.0784,63.33,64.87,0,9,0,1,,1,0,0,1,1
1330957800,64.83,65.14,63.23,65.02,0,10,0,0,,2,0,0,0,0
1331559000,64.97,66.82001,64.72,66.52,0,11,0,0,,3,0,0,0,0
1332163800,66.62,67.49001,66.45,66.939,0,12,0,0,,4,0,0,0,0
1332768600,67.37,68.50999,67.2,67.55,0,13,0,0,,5,0,0,0,0
1333373400,67.46001,68.55,66.91,67.72,0,14,0,0,,6,0,0,0,0
1333978200,66.88,67.48,65.92,66.19,1,0,0,0,,6,0,0,0,0
1334583000,66.53,67.17,65.24001,65.67999,2,0,0,0,,6,0,0,0,0
1335187800,65.08,67.45,64.45,67.24001,3,0,0,0,,6,0,0,0,0
1335792600,67.02,67.63,64.69,64.7,4,0,0,0,,6,0,0,0,0
1336397400,64.31,65.07001,63.48,64.17999,5,0,0,0,,6,0,0,0,0
1337002200,63.63,64.27,60.75999,60.81,6,0,0,0,,6,0,0,0,0
1337607000,60.92,62.95,60.85001,62.07001,7,0,0,0,,6,0,0,0,0
1338298200,62.63,63.14999,60.39,60.409,8,0,0,0,,6,0,0,0,0
1338816600,60.57001,63.17999,60.03999,62.87,9,0,1,0,1,,0,0,1,1
1339421400,63.35001,63.38,61.67999,62.99001,0,1,0,0,1,,0,0,0,0
1340026200,62.75,64.57001,62.62,63.35001,0,2,0,0,1,,0,0,0,0
1340631000,62.84,64.16,61.53999,64.16,0,3,0,0,1,,0,0,0,0
1341235800,64.23,65.25,63.64999,64.12,0,4,0,0,1,,0,0,0,0
1341840600,64.03,64.50999,61.86,63.38,0,5,0,0,1,,0,0,0,0
1342445400,63.24001,65.31,62.63,64.235,0,6,0,0,1,,0,0,0,0
1343050200,63,64.99001,62.14999,64.87,0,7,0,0,1,,0,0,0,0
1343655000,65.00999,65.88,63.91,65.60001,0,8,0,0,1,,0,0,0,0
1344259800,65.94,66.92,65.8,66.86,0,9,0,1,,1,0,0,1,1
1344864600,66.84,68.33,66.5,68.32001,0,10,0,0,,2,0,0,0,0
1345469400,68.27,68.88,67.60001,68.28999,0,11,0,0,,3,0,0,0,0
1346074200,68.60001,68.67,67.47,68.16,0,12,0,0,,3,0,0,0,0
1346765400,68.03,69.55,67.42,69.42999,0,13,0,0,,4,0,0,0,0
1347283800,69.25999,70.42999,68.21001,70.17999,0,14,0,0,,5,0,0,0,0
1347888600,70.2,70.58,69.87,70.14999,0,15,0,0,,6,0,0,0,0
1348493400,69.56,70.08,67.85001,68.57001,0,16,0,0,,6,0,0,0,0
1349098200,68.89999,69.8,68.13,68.98,1,0,0,0,,6,0,0,0,0
1349703000,68.58,68.72,66.55,66.67999,2,0,0,0,,6,0,0,0,0
1350307800,66.94,68.3,65.60001,65.67999,3,0,0,0,,6,0,0,0,0
1350912600,65.62,66.19,64.64999,65.35001,4,0,0,0,,6,0,0,0,0
1351517400,65.31,66.21001,64.73,65.17,5,0,0,0,,6,0,0,0,0
1352125800,65.19501,66.17,63.16,63.42999,6,0,0,0,,6,0,0,0,0
1352730600,63.78999,63.87,61.31,62.3,7,0,0,0,,6,0,0,0,0
1353335400,62.97,64.92,62.96001,64.89999,8,0,0,0,,6,0,0,0,0
1353940200,64.77,66.13499,64.25,65.8,0,1,0,0,,7,0,0,0,0
1354545000,66.32001,66.37,64.53,64.92999,0,2,0,0,,8,0,0,0,0
1355149800,64.75,66.34,64.47,64.69,0,3,0,0,,8,0,0,0,0
1355754600,64.73,66.75999,64.60001,65.2,0,4,0,0,,8,0,0,0,0
1356359400,65.06,65.17999,63.60001,63.78,1,0,0,0,,8,0,0,0,0
1356964200,63.67999,67.34,63.58,66.63,0,1,0,0,,8,0,0,0,0
1357569000,66.46001,67.28999,66.17,67.25999,0,2,0,0,,9,0,0,0,0
1358173800,66.89999,67.48,66.33211,67.07001,0,3,0,0,,9,0,0,0,0
1358865000,67.14999,67.78999,66.56,67,0,4,0,0,,9,0,0,0,0
1359383400,67.00999,67.78,66.63,67.66,0,5,0,0,,10,0,0,0,0
1359988200,67.25,68.13,66.46001,67.99001,0,6,0,0,,11,0,0,0,0
1360593000,68.02,68.23,67.56,67.75,0,7,0,0,,11,0,0,0,0
1361284200,67.89,68.25999,66.23,67.13901,0,8,0,0,,11,0,0,0,0
1361802600,67.60001,67.81,65.96001,67.38,1,0,0,0,,11,0,0,0,0
1362407400,67.19,69.02,67.07001,68.77,0,1,0,0,,12,0,0,0,0
1363008600,68.67999,69.00999,68.34,68.50999,0,2,0,0,,13,0,1,0,0
1363613400,67.88499,68.86,67.62,68.59,0,3,0,0,,13,0,1,0,0
1364218200,68.81,69.06,68.00999,68.97,0,4,0,0,,13,0,1,0,0
1364823000,69.00999,69.27,67.19,67.86099,1,0,0,0,,13,0,1,0,0
1365427800,67.88,70.17,67.69,69.94,0,1,0,0,,14,0,0,0,0
1366032600,69.67999,69.78999,66.88,68.09,1,0,0,0,,14,0,0,0,0
1366637400,68.33,70.05,68.08,69.57001,0,1,0,0,,14,0,0,0,0
1367242200,69.78,72.34,69.75999,72.12,0,2,0,0,,15,0,0,0,0
1367847000,72.25,73.099,72.09,73.05,0,3,0,0,,16,0,0,0,0
1368451800,72.92999,74.33,72.86,74.3,0,4,0,0,,17,0,0,0,0
1369056600,74.09,74.95,72.75999,73.41,0,5,0,0,,18,0,0,0,0
1369747800,74.25,74.53999,73.12,73.25,0,6,0,0,,18,0,0,0,0
1370266200,73.31,73.82001,71.47,73.39,0,7,0,0,,18,0,0,0,0
1370871000,73.55,73.75999,71.55,72.28,1,0,0,0,,18,0,0,0,0
1371475800,72.88,73.72,69.84,70.42999,2,0,0,0,,18,0,0,0,0
1372080600,69.84,71.69,69.14999,71.27,3,0,0,0,,18,0,0,0,0
1372685400,71.75999,72.61,71.35001,72.58,4,0,0,0,,18,0,0,0,0
1373290200,72.94,75.35001,72.38,75.3,0,1,0,0,,19,0,0,0,0
1373895000,75.36,75.74001,74.37,74.59,0,2,0,0,,20,0,0,0,0
1374499800,74.87,75.38,74.2,75.37,0,3,0,0,,21,0,0,0,0
1375104600,75.22,76.99001,75.02991,76.97,0,4,0,0,,22,0,0,0,0
1375709400,76.89,77.08,75.87,76.49001,0,5,0,0,,23,0,0,0,0
1376314200,76.2,77.27,75.28999,75.485,0,6,0,0,,23,0,0,0,0
1376919000,75.5,76.77,75.14,76.67,0,7,0,0,,23,0,0,0,0
1377523800,76.72,77.28,74.96001,75.47,1,0,0,0,,23,0,0,0,0
1378215000,76.10001,77.34,75.53999,76.92999,0,1,0,0,,24,0,0,0,0
1378733400,77.23,78.32001,77.23,78.06,0,2,0,0,,25,0,0,0,0
1379338200,78.69,79.685,77.67,78.985,0,3,0,0,,26,0,0,0,0
1379943000,79.34,79.41,78.39999,79.07001,0,4,0,0,,27,0,0,0,0
1380547800,78.27,79.75999,78,79.39999,0,5,0,0,,27,0,0,0,0
1381152600,78.72,79.35001,76.35001,79.23,0,6,0,0,,27,0,0,0,0
1381757400,78.74001,82.17999,78.67999,82.14999,0,7,0,0,,28,0,0,0,0
1382362200,82.31,83.28,81.55,82.89999,0,8,0,0,,29,0,0,0,0
1382967000,82.9,83.485,82.4,82.81,0,9,0,1,,1,0,0,1,1
1383575400,83.05,83.4,81.37,82.54,0,10,0,0,,1,0,0,0,0
1384180200,82.39,83.96,82,83.96,0,11,0,0,,2,0,0,0,0
1384785000,83.94,84.105,82.455,83.99,0,12,0,0,,3,0,0,0,0
1385389800,84.29,85.84,83.98,85.73,0,13,0,0,,4,0,0,0,0
1385994600,85.83,86.18,84.78,86,0,14,0,0,,5,0,0,0,0
1386599400,86.35,86.53,84.709,84.85,0,15,0,0,,5,0,0,0,0
1387204200,85.27,86.68,84.05,86.5,0,16,0,0,,6,0,0,0,0
1387809000,87.19,87.9,86.95,87.52,0,17,0,0,,7,0,0,0,0
1388413800,87.4,87.96,86.62,86.64,0,18,0,0,,7,0,0,0,0
1389018600,86.65,87.64,86,87.3,0,19,0,0,,7,0,0,0,0
1389623400,87.18,88.54,85.675,87.88,0,20,0,0,,7,0,0,0,0
1390314600,88.43,89,86.71,86.74,1,0,0,0,,7,0,0,0,0
1390833000,86.77,86.89,84.76,86.27,2,0,0,0,,7,0,0,0,0
1391437800,86.14,87.359,83.74,87.3,0,0,0,0,,7,0,0,0,0
1392042600,87.23,90.01,87.21,89.81,0,1,0,0,,8,0,0,0,0
1392733800,89.93,90.465,89.31,89.93,0,2,0,0,,9,0,0,0,0
1393252200,90.1,90.96,89.54,90.34,0,3,0,0,,10,0,0,0,0
1393857000,89.48,91.36,88.87,90.53,0,4,0,0,,11,0,0,0,0
1394458200,90.48,91.055,88.63,88.67,1,0,0,0,,11,0,0,0,0
1395063000,89.24,90.66,88.825,89,2,0,0,0,,11,0,0,0,0
1395667800,89.32,89.39,86.4,87.05,3,0,0,0,,11,0,0,0,0
1396272600,87.73,89.68,86.14,86.37,4,0,0,0,,11,0,0,0,0
1396877400,85.84,87.88,83.91,84.11,5,0,0,0,,11,0,0,0,0
1397482200,84.85,86.63,83.28,86.2,6,0,0,0,,11,0,0,0,0
1398087000,86.41,88.21,85.98,86.19,7,0,0,0,,11,0,0,0,0
1398691800,86.58,88.15,85.11,87.49,0,1,0,0,,12,0,0,0,0
1399296600,86.98,87.97,85.53,86.8,0,2,0,0,,12,0,0,0,0
1399901400,87.31,88.61,86.58,87.71,0,3,0,0,,12,0,0,0,0
1400506200,87.47,89.9,87.3,89.88,0,4,0,0,,13,0,1,0,0
1401197400,90.28,91.45,90.2,91.31,0,5,0,0,,14,0,0,0,0
1401715800,91.43,92.82,90.64,92.82,0,6,0,0,,15,0,0,0,0
1402320600,92.85,93.02,91.73,92.32,0,7,0,0,,16,0,0,0,0
1402925400,92.16,93.17,91.96,92.77,0,8,0,0,,16,0,0,0,0
1403530200,92.735,93.765,92.43,93.75,0,9,0,1,,1,0,0,1,1
1404135000,93.71,95.7,93.67,95.7,0,10,0,0,,2,0,0,0,0
1404739800,95.59,95.71,93.63,95.27,0,11,0,0,,3,0,0,0,0
1405344600,95.7,96.3,94.32,96.12,0,12,0,0,,4,0,0,0,0
1405949400,95.92,97.51,95.55,96.74,0,13,0,0,,5,0,0,0,0
1406554200,96.8,97.32,94.04,94.67,1,0,0,0,,5,0,0,0,0
1407159000,94.9,95.69,93.885,94.9,2,0,0,0,,5,0,0,0,0
1407763800,95.25,97.63,94.93,97.4,0,1,0,0,,6,0,0,0,0
1408368600,97.89,99.25,97.77,99.05,0,2,0,0,,7,0,0,0,0
1408973400,99.52,99.9141,99.08,99.78,0,3,0,0,,8,0,0,0,0
1409664600,100.04,100.34,99.03,99.89,0,4,0,0,,9,0,0,0,0
1410183000,99.89,100.46,99.0645,99.48,0,5,0,0,,9,0,0,0,0
1410787800,99.59,100.5646,98.05,99.98,0,6,0,0,,9,0,0,0,0
1411392600,99.74,99.8868,97.7,98.78,1,0,0,0,,9,0,0,0,0
1411997400,97.8,99.3,95.97,98.17,2,0,0,0,,9,0,0,0,0
1412602200,98.47,98.76,94.42,94.44,3,0,0,0,,9,0,0,0,0
1413207000,94.29,94.99,90.24,93,4,0,0,0,,9,0,0,0,0
1413811800,92.96,98.69,92.8,98.62,5,0,0,0,,9,0,0,0,0
1414416600,98.4,101.75,98.02,101.4,0,1,0,0,,10,0,0,0,0
1415025000,101.53,102.03,100.67,101.6,0,2,0,0,,11,0,0,0,0
1415629800,101.65,103.28,101.38,103.22,0,3,0,0,,12,0,0,0,0
1416234600,102.98,104.69,102.42,103.87,0,4,0,0,,13,0,1,0,0
1416839400,104.15,106.245,104.06,106.01,0,5,0,0,,14,0,0,0,0
1417444200,105.72,105.9199,104.42,105.38,0,6,0,0,,15,0,0,0,0
1418049000,105.11,105.57,102.66,102.67,1,0,0,0,,15,0,0,0,0
1418653800,103.2,104.74,99.92,104.32,0,1,0,0,,15,0,0,0,0
1419258600,104.15,105.26,104.09,105.04,1,0,0,0,,15,0,0,0,0
1419863400,104.94,105.25,102.44,102.94,2,0,0,0,,15,0,0,0,0
1420468200,102.49,103.65,99.62,102.62,3,0,0,0,,15,0,0,0,0
1421073000,102.82,103.62,99.36,100.82,4,0,0,0,,15,0,0,0,0
1421764200,101.43,104.58,100.29,104.26,5,0,0,0,,16,0,0,0,0
1422282600,104.14,104.33,99.96,101.1,6,0,0,0,,16,0,0,0,0
1422887400,101.33,104.17,99.75,103.13,0,1,0,0,,16,0,0,0,0
1423492200,102.73,106.93,102.55,106.91,0,2,0,0,,17,0,0,0,0
1424183400,106.91,108.47,106.6432,108.41,0,3,0,0,,18,0,0,0,0
1424701800,108.35,108.94,108.05,108.4,0,4,0,0,,19,0,0,0,0
1425306600,108.61,109.42,107.14,107.41,0,5,0,0,,19,0,0,0,0
1425907800,107.63,107.9857,104.68,105.34,1,0,0,0,,19,0,0,0,0
1426512600,105.73,109.07,105.62,108.53,0,1,0,0,,19,0,0,0,0
1427117400,108.47,108.81,104.24,105.52,1,0,0,0,,19,0,0,0,0
1427722200,106.16,106.82,104.37,105.12,2,0,0,0,,19,0,0,0,0
1428327000,104.5,107.76,104.34,107.75,0,1,0,0,,19,0,0,0,0
1428931800,107.83,108.38,105.55,106.01,1,0,0,0,,19,0,0,0,0
1429536600,106.54,110.69,106.5,110.54,0,1,0,0,,20,0,0,0,0
1430141400,110.95,111.16,107.06,109.05,0,2,0,0,,21,0,0,0,0
1430746200,109.4,109.91,105.995,108.69,0,3,0,0,,21,0,0,0,0
1431351000,108.76,110.01,106.8,109.58,0,4,0,0,,21,0,0,0,0
1431955800,109.4,110.87,109.32,110.47,1,0,0,0,,22,0,0,0,0
1432647000,110.23,111.08,108.76,110.05,0,1,0,0,,23,0,0,0,0
1433165400,110.64,110.81,108.63,109.3,0,2,0,0,,23,0,0,0,0
1433770200,109.25,110.15,107.2,108.75,1,0,0,0,,23,0,0,0,0
1434375000,107.94,110.88,107.31,109.89,2,0,0,0,,23,0,0,0,0
1434979800,110.7,111.13,108.86,109.27,3,0,0,0,,23,0,0,0,0
1435584600,108.06,108.66,106.64,107.95,4,0,0,0,,23,0,0,0,0
1436189400,107.27,108.32,105.83,107.65,5,0,0,0,,23,0,0,0,0
1436794200,108.58,113.59,108.57,113.59,0,1,0,0,,24,0,0,0,0
1437399000,113.83,114.39,110.93,111.1,0,2,0,0,,25,0,0,0,0
1438003800,110.47,112.49,109.785,111.95,0,3,0,0,,25,0,0,0,0
1438608600,111.97,113,109.4,110.31,0,4,0,0,,25,0,0,0,0
1439213400,111.01,111.81,108.22,110.51,1,0,0,0,,25,0,0,0,0
1439818200,110.24,111.46,102.4,102.4,2,0,0,0,,25,0,0,0,0
1440423000,94.23,106,84.74,105.62,3,0,0,0,,25,0,0,0,0
1441027800,105.03,105.61,100.63,102.16,4,0,0,0,,25,0,0,0,0
1441719000,104.12,106.31,103.59,105.57,5,0,0,0,,25,0,0,0,0
1442237400,105.96,108.725,104.85,105.35,0,1,0,0,,25,0,0,0,0
1442842200,105.93,106.55,102.27,102.92,1,0,0,0,,25,0,0,0,0
1443447000,102.48,104.01,98.75,104.01,0,1,0,0,,25,0,0,0,0
1444051800,104.78,106.73,104.18,106.53,0,2,0,0,,25,0,0,0,0
1444656600,106.73,108.18,105.49,108.12,0,3,0,0,,26,0,0,0,0
1445261400,107.98,113.24,107.48,112.78,0,4,0,0,,27,0,0,0,0
1445866200,112.7,114.08,112.27,113.33,0,5,0,0,,28,0,0,0,0
1446474600,113.63,115.47,113.39,114.79,0,6,0,0,,29,0,0,0,0
1447079400,114.36,114.51,109.78,109.84,0,7,0,0,,29,0,0,0,0
1447684200,109.74,114.57,109.48,114.48,0,8,0,0,,29,0,0,0,0
1448289000,114.53,114.94,112.8377,114.31,0,9,0,1,,1,0,0,1,1
1448893800,114.6,115.75,111.8432,115.14,0,10,0,0,,2,0,0,0,0
1449498600,115.22,115.29,110.72,110.79,0,11,0,0,,2,0,0,0,0
1450103400,110.98,114.48,109.38,109.83,1,0,0,0,,2,0,0,0,0
1450708200,110.87,112.9,110.05,112.59,2,0,0,0,,2,0,0,0,0
1451313000,112.32,114.545,111.51,111.86,3,0,0,0,,2,0,0,0,0
1451917800,109.43,110.18,103.9,104.01,4,0,0,0,,2,0,0,0,0
1452522600,104.79,106.23,99.51,100.84,5,0,0,0,,2,0,0,0,0
1453213800,102.2,103.81,97.25,103.77,6,0,0,0,,2,0,0,0,0
1453732200,103.46,104.17,100.15,104.13,7,0,0,0,,2,0,0,0,0
1454337000,103.62,104.8,97.72,98.12,8,0,0,0,,2,0,0,0,0
1454941800,96.33,98.69,94.84,98.02,9,0,1,0,1,,0,0,1,1
1455633000,99.44,102.84,98.85,101.63,10,0,0,0,1,,0,0,0,0
1456151400,102.54,104.3659,99.77,103.43,11,0,0,0,1,,0,0,0,0
1456756200,103.31,106.35,102.5,105.67,0,1,0,0,1,,0,0,0,0
1457361000,105.12,106.49,103.31,106.49,0,2,0,0,1,,0,0,0,0
1457962200,106.08,107.86,105.95,107.37,0,3,0,0,1,,0,0,0,0
1458567000,107.16,108.37,106.53,107.26,0,4,0,0,1,,0,0,0,0
1459171800,107.56,110.4,106.73,110.36,0,5,0,0,1,,0,0,0,0
1459776600,110.31,110.71,108.61,109,0,6,0,0,1,,0,0,0,0
1460381400,109.48,111.33,108.015,110.64,0,7,0,0,1,,0,0,0,0
1460986200,110.33,111.44,108.12,108.98,0,8,0,0,1,,0,0,0,0
1461591000,108.62,109.39,104.88,105.72,1,0,0,0,2,,0,0,0,0
1462195800,105.97,106.87,104.4,105.58,2,0,0,0,3,,0,0,0,0
1462800600,105.61,107.49,105.14,105.5,3,0,0,0,3,,0,0,0,0
1463405400,105.67,107.21,104.54,106.47,4,0,0,0,3,,0,0,0,0
1464010200,106.55,110.14,106.23,110.13,0,1,0,0,3,,0,0,0,0
1464701400,110.28,110.6,109.34,110.06,0,2,0,0,3,,0,0,0,0
1465219800,110.25,110.75,108.56,108.94,0,3,0,0,3,,0,0,0,0
1465824600,108.34,108.93,106.24,106.49,0,4,0,0,4,,0,0,0,0
1466429400,107.73,108.79,104.06,104.29,1,0,0,0,5,,0,0,0,0
1467034200,103.6,108.48,101.75,108.08,2,0,0,0,5,,0,0,0,0
1467725400,107.58,110.36,106.57,110.3,0,1,0,0,5,,0,0,0,0
1468243800,110.68,112.3,110.66,111.8,0,2,0,0,5,,0,0,0,0
1468848600,111.86,113.78,111.85,113.65,0,3,0,0,5,,0,0,0,0
1469453400,113.56,115.54,113.22,115.23,0,4,0,0,5,,0,0,0,0
1470058200,115.31,117.04,114.22,116.78,0,5,0,0,5,,0,0,0,0
1470663000,116.82,117.37,116.28,117.2,0,6,0,0,5,,0,0,0,0
1471267800,117.33,117.97,116.43,117.26,0,7,0,0,5,,0,0,0,0
1471872600,117.09,118.0095,116.08,116.78,0,8,0,0,5,,0,0,0,0
1472477400,116.81,117.56,115.91,117.12,0,9,0,1,,1,0,0,1,1
1473168600,117.29,118.12,114.26,114.28,1,0,0,0,,1,0,0,0,0
1473687000,113.64,117.815,113.63,117.29,0,1,0,0,,1,0,0,0,0
1474291800,117.57,119.22,116.55,118.33,0,2,0,0,,2,0,0,0,0
1474896600,117.66,119.07,117.15,118.72,0,3,0,0,,3,0,0,0,0
1475501400,118.53,119.17,117.89,118.47,0,4,0,0,,3,0,0,0,0
1476106200,119.06,119.48,115.94,117.14,1,0,0,0,,3,0,0,0,0
1476711000,117.1,118.41,116.672,118.15,2,0,0,0,,3,0,0,0,0
1477315800,118.93,119.66,116.74,117.1,3,0,0,0,,3,0,0,0,0
1477920600,117.53,117.53,113.45,113.65,4,0,0,0,,3,0,0,0,0
1478529000,115.45,118.38,114.195,115.8,5,0,0,0,,3,0,0,0,0
1479133800,115.84,118.1,114.03,117.32,6,0,0,0,,3,0,0,0,0
1479738600,117.6,119.19,117.57,118.8,0,1,0,0,,4,0,0,0,0
1480343400,118.64,119.51,115.22,115.7,0,2,0,0,,4,0,0,0,0
1480948200,116.32,119.5402,115.77,119.5,0,3,0,0,,5,0,0,0,0
1481553000,118.95,121.11,118.47,119.6,0,4,0,0,,6,0,0,0,0
1482157800,119.74,120.83,119.55,120.2,0,5,0,0,,7,0,0,0,0
1482849000,120.44,121.52,118.14,118.48,0,6,0,0,,7,0,0,0,0
1483453800,119.31,122.25,118.89,121.93,0,7,0,0,,8,0,0,0,0
1483972200,122.03,123.37,121.6,123.16,0,8,0,0,,9,0,0,0,0
1484663400,122.79,123.83,122.4342,123.25,0,9,0,1,,1,0,0,1,1
1485181800,123.16,125.9211,122.57,125.8,0,10,0,0,,2,0,0,0,0
1485786600,125.37,125.81,123.85,125.68,0,11,0,0,,3,0,0,0,0
1486391400,125.42,127.56,125.35,127.38,0,12,0,0,,4,0,0,0,0
1486996200,127.76,129.82,127.7199,129.81,0,13,0,0,,5,0,0,0,0
1487687400,130.03,130.7,129.38,130.26,0,14,0,0,,6,0,0,0,0
1488205800,130.02,131.68,129.66,131.02,0,15,0,0,,7,0,0,0,0
1488810600,130.56,131.6,130.14,131.39,0,16,0,0,,8,0,0,0,0
1489411800,131.34,132.405,130.76,131.69,0,17,0,0,,9,0,0,0,0
1490016600,131.65,132.43,129.68,130.63,0,18,0,0,,9,0,0,0,0
1490621400,129.73,132.74,129.4,132.38,0,19,0,0,,9,0,0,0,0
1491226200,132.48,133.48,131.5,131.97,0,20,0,0,,9,0,0,0,0
1491831000,132.11,132.565,130.38,130.4,1,0,0,0,,9,0,0,0,0
1492435800,130.8,132.88,130.72,132.56,0,1,0,0,,9,0,0,0,0
1493040600,134.02,136.34,133.8042,135.99,0,2,0,0,,10,0,0,0,0
1493645400,136.46,137.54,136.38,137.54,0,3,0,0,,11,0,0,0,0
1494250200,137.61,138.63,137.33,138.6,0,4,0,0,,12,0,0,0,0
1494855000,138.63,139.64,135.87,137.84,0,5,0,0,,13,0,1,0,0
1495459800,138.14,141.33,138.0967,141.22,0,6,0,0,,14,0,0,0,0
1496151000,141.13,143.49,140.57,143.46,0,7,0,0,,15,0,0,0,0
1496669400,143.44,143.9,138.11,139.98,0,8,0,0,,15,0,0,0,0
1497274200,138.84,140.93,137.47,138.15,0,9,0,1,,1,0,0,1,1
1497879000,139.45,141.42,139.28,141.24,0,10,0,0,,1,0,0,0,0
1498483800,142,142.29,136.25,137.64,1,0,0,0,,1,0,0,0,0
1499088600,138.25,138.43,135.8,137.76,2,0,0,0,,1,0,0,0,0
1499693400,137.84,142.3,137.5,142.12,0,1,0,0,,1,0,0,0,0
1500298200,142.25,144.44,141.64,144.11,0,2,0,0,,2,0,0,0,0
1500903000,144.07,145.96,142.3,143.84,0,3,0,0,,3,0,0,0,0
1501507800,144.22,144.52,142.61,143.65,0,4,0,0,,3,0,0,0,0
1502112600,143.89,145.47,140.89,142.1,1,0,0,0,,3,0,0,0,0
1502717400,143.23,144.96,140.65,141.23,2,0,0,0,,3,0,0,0,0
1503322200,141.23,143.35,140.18,141.97,3,0,0,0,,3,0,0,0,0
1503927000,142.41,146.585,141.06,146,0,1,0,0,,4,0,0,0,0
1504618200,145.55,145.88,143.6,144.21,0,2,0,0,,5,0,0,0,0
1505136600,145.3,146.59,145.29,146.06,0,3,0,0,,5,0,0,0,0
1505741400,145.88,146.37,143.855,144.32,0,4,0,0,,5,0,0,0,0
1506346200,143.75,145.555,142.1,145.45,1,0,0,0,,5,0,0,0,0
1506951000,145.67,147.66,144.93,147.66,0,1,0,0,,6,0,0,0,0
1507555800,147.86,148.51,146.95,148.34,0,2,0,0,,7,0,0,0,0
1508160600,148.7,149.21,147.27,148.71,0,3,0,0,,8,0,0,0,0
1508765400,149.01,151.52,146.33,151.24,0,4,0,0,,9,0,0,0,0
1509370200,151.08,153.29,150.77,153.27,0,5,0,0,,10,0,0,0,0
1509978600,153.13,154.54,152.11,153.68,0,6,0,0,,11,0,0,0,0
1510583400,153.12,154.89,151.78,153.95,0,7,0,0,,12,0,0,0,0
1511188200,154.08,156.31,153.61,156.26,0,8,0,0,,13,0,1,0,0
1511793000,156.2,156.69,152.26,154.49,0,9,0,1,,1,0,0,1,1
1512397800,155.47,155.625,152.06,154.7,0,10,0,0,,1,0,0,0,0
1513002600,154.76,157.82,154.76,157.65,0,11,0,0,,2,0,0,0,0
1513607400,158.29,158.77,156.91,157.37,0,12,0,0,,3,0,0,0,0
1514298600,156.53,157.0653,155.7,155.76,0,13,0,0,,3,0,0,0,0
1514903400,156.5,162.03,156.17,161.92,0,14,0,0,,4,0,0,0,0
1515421800,161.9,164.66,161.12,164.49,0,15,0,0,,5,0,0,0,0
1516113000,165.55,166.61,163.53,166.34,0,16,0,0,,6,0,0,0,0
1516631400,166.27,170.952,166.09,170.93,0,17,0,0,,7,0,0,0,0
1517236200,170.52,170.91,164.47,164.61,0,18,0,0,,7,0,0,0,0
1517841000,163.13,165.75,150.125,156.1,1,0,0,0,,7,0,0,0,0
1518445800,157.67,166.755,156.46,164.96,2,0,0,0,,7,0,0,0,0
1519137000,164.39,168.17,164.31,168.17,3,0,0,0,,8,0,0,0,0
1519655400,168.93,170.73,161.96,165.99,0,1,0,0,,8,0,0,0,0
1520260200,165.26,173.16,164.59,173.16,0,2,0,0,,9,0,0,0,0
1520861400,173.65,175.21,170.9,171.02,0,3,0,0,,10,0,0,0,0
1521466200,169.16,169.22,158.43,158.51,1,0,0,0,,10,0,0,0,0
1522071000,161.68,165.62,156.04,160.13,2,0,0,0,,10,0,0,0,0
1522675800,159,161.58,153.88,156.63,3,0,0,0,,10,0,0,0,0
1523280600,158.01,163.26,157.46,161.37,4,0,0,0,,10,0,0,0,0
1523885400,162.45,167,161.48,162.3,0,1,0,0,,11,0,0,0,0
1524490200,163.08,164.41,156.47,162.09,0,2,0,0,,11,0,0,0,0
1525095000,162.48,165.25,159.22,164.87,0,3,0,0,,11,0,0,0,0
1525699800,165.64,169.86,164.86,169.46,0,4,0,0,,12,0,0,0,0
1526304600,169.8398,170.82,166.98,167.46,0,5,0,0,,13,0,1,0,0
1526909400,168.73,170.33,166.88,169.72,0,6,0,0,,13,0,1,0,0
1527600600,168.91,172.84,167.96,172.74,0,7,0,0,,14,0,0,0,0
1528119000,173.16,175.93,173.07,174.44,0,8,0,0,,15,0,0,0,0
1528723800,174.3,177.89,174.28,176.98,0,9,0,1,,1,0,0,1,1
1529328600,175.53,177.98,173.71,175.32,0,10,0,0,,1,0,0,0,0
1529933400,173.76,173.99,169.17,171.65,1,0,0,0,,1,0,0,0,0
1530538200,170.04,175.74,169.67,175.61,0,1,0,0,,1,0,0,0,0
1531143000,176.49,179.9,175.8,179.61,0,2,0,0,,2,0,0,0,0
1531747800,179.64,180.65,177.28,178.99,0,3,0,0,,3,0,0,0,0
1532352600,178.45,182.93,176.6,177.62,0,4,0,0,,3,0,0,0,0
1532957400,177.66,180.09,174.27,180.08,0,5,0,0,,3,0,0,0,0
1533562200,179.97,182.63,179.74,180.52,0,6,0,0,,3,0,0,0,0
1534167000,180.85,182.01,178.12,179.86,0,7,0,0,,3,0,0,0,0
1534771800,180.28,182.63,179,182.48,0,8,0,0,,3,0,0,0,0
1535376600,183.43,187.5199,183.11,186.65,0,9,0,1,,1,0,0,1,1
1536067800,186.1,186.4,180.44,181.11,0,10,0,0,,1,0,0,0,0
1536586200,182.12,184.945,180.52,183.99,0,11,0,0,,1,0,0,0,0
1537191000,183.66,185.48,181.17,183.71,0,12,0,0,,1,0,0,0,0
1537795800,182.05,186.49,181.3,185.79,1,0,0,0,,2,0,0,0,0
1538400600,186.82,187.53,178.43,180.15,2,0,0,0,,2,0,0,0,0
1539005400,179.37,181.02,167.81,174.32,3,0,0,0,,2,0,0,0,0
1539610200,173.69,178.2585,171.56,173.02,4,0,0,0,,2,0,0,0,0
1540215000,174.06,175.2485,164.23,166.66,5,0,0,0,,2,0,0,0,0
1540819800,169.16,172.55,160.09,169.38,6,0,0,0,,2,0,0,0,0
1541428200,169.61,175.58,167.08,171.52,7,0,0,0,,2,0,0,0,0
1542033000,170.33,170.64,163.46,167.5,8,0,0,0,,2,0,0,0,0
1542637800,166.74,166.9,157.13,159.21,9,0,1,0,1,,0,0,1,1
1543242600,161.44,169.47,160.76,169.37,10,0,0,0,1,,0,0,0,0
1543847400,173.1,173.31,160.86,161.38,11,0,0,0,1,,0,0,0,0
1544452200,161.11,167.6,159.41,161.08,12,0,0,0,1,,0,0,0,0
1545057000,160.41,161.67,146.72,147.57,13,0,0,0,2,,0,0,0,0
1545661800,146.14,155.59,143.46,152.97,14,0,0,0,3,,0,0,0,0
1546266600,154.47,157,149.49,156.23,15,0,0,0,3,,0,0,0,0
1546871400,156.54,161.5229,156.11,160.69,16,0,0,0,3,,0,0,0,0
1547476200,159.32,166.02,158.59,165.25,0,1,0,0,3,,0,0,0,0
1548167400,164.05,165.65,160.32,165.15,0,2,0,0,3,,0,0,0,0
1548685800,163.03,168.99,160.99,167.45,0,3,0,0,3,,0,0,0,0
1549290600,167.51,171.37,166.57,168.56,0,4,0,0,3,,0,0,0,0
1549895400,169.14,172.5623,167.98,171.94,0,5,0,0,3,,0,0,0,0
1550586600,171.39,173.08,170.71,172.89,0,6,0,0,3,,0,0,0,0
1551105000,174.2,174.66,171.76,174.39,0,7,0,0,3,,0,0,0,0
1551709800,175.37,175.79,169.3375,171.17,0,8,0,0,3,,0,0,0,0
1552311000,171.86,178.88,171.85,178.35,0,9,0,1,,1,0,0,1,1
1552915800,177.95,182.83,177.5915,178.56,0,10,0,0,,2,0,0,0,0
1553520600,177.92,180.69,176.6,179.66,0,11,0,0,,3,0,0,0,0
1554125400,181.42,184.92,180.77,184.66,0,12,0,0,,4,0,0,0,0
1554730200,184.37,185.95,183.63,185.83,0,13,0,0,,5,0,0,0,0
1555335000,185.81,187.93,184.62,187.39,0,14,0,0,,6,0,0,0,0
1555939800,186.54,191.22,186.43,190.65,0,15,0,0,,7,0,0,0,0
1556544600,190.62,191.32,186.87,191.11,0,16,0,0,,8,0,0,0,0
1557149400,187.1,190.2,181.0302,185,1,0,0,0,,8,0,0,0,0
1557754200,180.3,186.07,178.06,183.04,2,0,0,0,,8,0,0,0,0
1558359000,180.51,182.33,177.14,178.16,3,0,0,0,,8,0,0,0,0
1559050200,178.67,179.66,173.87,173.95,4,0,0,0,,8,0,0,0,0
1559568600,173.52,181.7666,169.27,181.04,5,0,0,0,,8,0,0,0,0
1560173400,182.23,185.4,181.94,182.64,6,0,0,0,,9,0,0,0,0
1560778200,183.01,189.77,182.835,188.57,0,1,0,0,,10,0,0,0,0
1561383000,188.52,188.72,184.65,186.74,0,2,0,0,,11,0,0,0,0
1561987800,190.3,191.44,188.38,191.05,0,3,0,0,,12,0,0,0,0
1562592600,189.86,193.54,188.65,193.53,0,4,0,0,,13,0,1,0,0
1563197400,193.97,194.19,190.69,191.01,0,5,0,0,,13,0,1,0,0
1563802200,191.5,195.55,191.44,195.29,0,6,0,0,,14,0,0,0,0
1564407000,195.18,195.18,186.21,187.35,1,0,0,0,,14,0,0,0,0
1565011800,183.51,188.32,179.2,186.49,2,0,0,0,,14,0,0,0,0
1565616600,185.34,189.68,181.16,185.48,3,0,0,0,,14,0,0,0,0
1566221400,188.03,189.46,181.56,182.07,4,0,0,0,,14,0,0,0,0
1566826200,184.19,188.97,182.91,187.47,0,1,0,0,,14,0,0,0,0
1567517400,186.26,192.325,185.03,191.59,0,2,0,0,,15,0,0,0,0
1568035800,192.18,194.71,188.91,192.54,0,3,0,0,,16,0,0,0,0
1568640600,191.3,194.035,190.11,190.8,0,4,0,0,,16,0,0,0,0
1569245400,190.36,191.79,185.75,187.03,1,0,0,0,,16,0,0,0,0
1569850200,187.75,190.5898,181.82,188.81,2,0,0,0,,16,0,0,0,0
1570455000,188.23,192.63,185.27,191.11,3,0,0,0,,16,0,0,0,0
1571059800,190.82,194.5,190.645,191.69,0,1,0,0,,17,0,0,0,0
1571664600,192.65,195.74,191.15,195.64,0,2,0,0,,18,0,0,0,0
1572269400,196.57,198.88,195.29,198.87,0,3,0,0,,19,0,0,0,0
1572877800,200.19,201.72,198.785,201.23,0,4,0,0,,20,0,0,0,0
1573482600,200.23,202.91,199.94,202.91,0,5,0,0,,21,0,0,0,0
1574087400,202.61,203.84,200.62,201.83,0,6,0,0,,22,0,0,0,0
1574692200,202.67,206.05,202.67,205.1,0,7,0,0,,23,0,0,0,0
1575297000,205.11,205.18,199.23,205,0,8,0,0,,24,0,0,0,0
1575901800,204.63,207.91,203.44,207.19,0,9,0,1,,1,0,0,1,1
1576506600,208.5,212.5186,208.48,211.71,0,10,0,0,,2,0,0,0,0
1577111400,212.03,214.56,211.44,213.61,0,11,0,0,,3,0,0,0,0
1577716200,213.51,216.16,211.16,214.18,0,12,0,0,,4,0,0,0,0
1578321000,212.49,219.87,212.24,218.43,0,13,0,0,,5,0,0,0,0
1578925800,219.31,223.56,218.98,223.38,0,14,0,0,,6,0,0,0,0
1579617000,222.73,225.88,221.6701,222.7,0,15,0,0,,7,0,0,0,0
1580135400,217.72,223.56,217.18,219.07,0,16,0,0,,7,0,0,0,0
1580740200,220.14,230.44,219.99,229.2,0,17,0,0,,8,0,0,0,0
1581345000,228.43,234.93,228.38,234.64,0,18,0,0,,9,0,0,0,0
1582036200,233.47,237.47,229.3211,230.27,0,19,0,0,,9,0,0,0,0
1582554600,221.84,224.25,198.17,205.8,1,0,0,0,,9,0,0,0,0
1583159400,208.88,219.61,202.91,208.02,2,0,0,0,,9,0,0,0,0
1583760600,193.48,204.3,176.94,192.34,3,0,0,0,,9,0,0,0,0
1584365400,174.15,184.68,166.8,170.7,4,0,0,0,,9,0,0,0,0
1584970200,170.92,192.72,164.93,185.3,5,0,0,0,,9,0,0,0,0
1585575000,187.1,195.25,180.86,183.37,6,0,0,0,,9,0,0,0,0
1586179800,190.38,203.22,189.19,200.86,0,1,0,0,,10,0,0,0,0
1586784600,199.92,216.51,198.75,215.29,0,2,0,0,,11,0,0,0,0
1587389400,213.27,215.88,203.63,213.84,0,3,0,0,,12,0,0,0,0
1587994200,216.18,220.04,211.21,212.74,0,4,0,0,,12,0,0,0,0
1588599000,211.61,225,211.12,224.86,0,5,0,0,,13,0,1,0,0
1589203800,223.5,228.095,215.99,223.27,0,6,0,0,,14,0,0,0,0
1589808600,226.28,232.135,225.47,229.66,0,7,0,0,,15,0,0,0,0
1590499800,233.44,233.6,223.94,233.36,0,8,0,0,,16,0,0,0,0
1591018200,232.4,240.297,232,239.69,0,9,0,1,,1,0,0,1,1
1591623000,239.54,247.815,231.74,235.88,0,10,0,0,,2,0,0,0,0
1592227800,232.44,247,231.47,244.24,0,11,0,0,,3,0,0,0,0
1592832600,243.77,251.15,239.68,240.22,0,12,0,0,,3,0,0,0,0
1593437400,239.98,254.27,237.35,252.19,0,13,0,0,,4,0,0,0,0
1594042200,255.46,264.23,255.43,263.97,0,14,0,0,,5,0,0,0,0
1594647000,266.87,269.79,252.76,259.42,0,15,0,0,,6,0,0,0,0
1595251800,260.12,268.41,251.32,255.56,0,16,0,0,,6,0,0,0,0
1595856600,257.36,265.95,256.445,265.79,0,17,0,0,,6,0,0,0,0
1596461400,268.05,274.98,267.87,271.47,0,18,0,0,,7,0,0,0,0
1597066200,271.74,274.83,264.63,272.16,0,19,0,0,,8,0,0,0,0
1597671000,273.91,282.34,272.1978,281.87,0,20,0,0,,9,0,0,0,0
1598275800,285.06,293.851,281.27,292.53,0,21,0,0,,10,0,0,0,0
1598880600,293.16,303.5,271.8,283.58,0,22,0,0,,11,0,0,0,0
1599571800,272.27,282.195,266.9,270.45,1,0,0,0,,11,0,0,0,0
1600090200,274.28,280.45,262.63,266.87,2,0,0,0,,11,0,0,0,0
1600695000,262.52,273.08,260.11,271.56,3,0,0,0,,11,0,0,0,0
1601299800,276.615,282.8794,271.674,274.31,4,0,0,0,,11,0,0,0,0
1601904600,276.34,285.79,274.25,285.71,0,1,0,0,,12,0,0,0,0
1602509400,290.6,297.46,286.54,288.51,0,2,0,0,,13,0,1,0,0
1603114200,290.49,291.48,280.82,284.74,0,3,0,0,,13,0,1,0,0
1603719000,282.32,285.3,267.07,269.38,1,0,0,0,,13,0,1,0,0
1604327400,271.73,295.39,266.97,294.61,0,1,0,0,,14,0,0,0,0
1604932200,297.31,299.14,280.62,290.93,0,2,0,0,,15,0,0,0,0
1605537000,290.68,293.74,288.85,290.38,0,3,0,0,,15,0,0,0,0
1606141800,291.41,300.17,288.07,299.01,0,4,0,0,,15,0,0,0,0
1606746600,299.3,305.88,294.78,305.52,0,5,0,0,,16,0,0,0,0
1607351400,305.71,308.6,298.09,301.85,0,6,0,0,,17,0,0,0,0
1607956200,303.08,311.98,303.01,310.06,0,7,0,0,,18,0,0,0,0
1608561000,306.46,310.7105,303.6,309.56,0,8,0,0,,19,0,0,0,0
1609165800,312.25,314.685,310.36,313.74,0,9,0,1,,1,0,0,1,1
1609770600,315.11,319.39,305.18,319.03,0,10,0,0,,2,0,0,0,0
1610375400,315.98,317.53,310.58,311.86,0,11,0,0,,2,0,0,0,0
1611066600,314.25,327.13,313.12,325.42,0,12,0,0,,3,0,0,0,0
1611585000,328.91,330.32,312.76,314.56,0,13,0,0,,3,0,0,0,0
1612189800,318.11,332.4025,316.02,331.36,0,14,0,0,,4,0,0,0,0
1612794600,333.1,336.62,329.5,336.45,0,15,0,0,,5,0,0,0,0
1613485800,337.27,338.19,328.36,331.02,0,16,0,0,,5,0,0,0,0
1614004200,326.5,327.8,310.88,314.14,1,0,0,0,,5,0,0,0,0
1614609000,319.27,324.33,297.45,308.68,2,0,0,0,,5,0,0,0,0
1615213800,308.12,319.86,299.51,315.46,3,0,0,0,,5,0,0,0,0
1615815000,315.79,324.2,309.6601,313.14,4,0,0,0,,5,0,0,0,0
1616419800,315.21,321.09,307.3899,316,0,1,0,0,,5,0,0,0,0
1617024600,315.45,324.71,311.54,324.57,0,2,0,0,,6,0,0,0,0
1617629400,327.13,337.32,324.6375,337.11,0,3,0,0,,7,0,0,0,0
1618234200,336.04,342.23,334.73,342.01,0,4,0,0,,8,0,0,0,0
1618839000,340.39,341.58,333.97,339.42,0,5,0,0,,9,0,0,0,0
1619443800,339.67,342.8,336.9001,337.99,0,6,0,0,,9,0,0,0,0
1620048600,339.23,340,326.21,334.2,1,0,0,0,,9,0,0,0,0
1620653400,332.78,332.96,316,326.39,2,0,0,0,,9,0,0,0,0
1621258200,324.63,330.86,316.3,327.01,3,0,0,0,,9,0,0,0,0
1621863000,329.37,335.5699,326.9032,333.93,4,0,0,0,,10,0,0,0,0
1622554200,335.3,336.0582,328.28,335.6,0,1,0,0,,11,0,0,0,0
1623072600,335.05,341.25,334.34,341.24,0,2,0,0,,12,0,0,0,0
1623677400,341.68,346.38,337.45,342.63,0,3,0,0,,13,0,1,0,0
1624282200,342.43,351.46,340.15,349.46,0,4,0,0,,14,0,0,0,0
1624887000,350.78,358.97,350.72,358.64,0,5,0,0,,15,0,0,0,0
1625578200,359.26,362.76,354.42,361.01,0,6,0,0,,16,0,0,0,0
1626096600,362.45,365.49,357.24,357.6,0,7,0,0,,16,0,0,0,0
1626701400,354.05,368.485,352.04,368.2,0,8,0,0,,17,0,0,0,0
1627306200,367.49,368.89,360.16,364.57,0,9,0,1,,1,0,0,1,1
1627911000,366.28,369.91,362,368.05,0,10,0,0,,1,0,0,0,0
1628515800,368.52,369.56,364.295,368.82,0,11,0,0,,1,0,0,0,0
1629120600,367.67,369.02,359.96,367.73,1,0,0,0,,1,0,0,0,0
1629725400,368.8,376.56,368.79,376.04,0,1,0,0,,2,0,0,0,0
1630330200,376.85,382.71,376.83,381.57,0,2,0,0,,3,0,0,0,0
1631021400,381.68,382.778,376.245,376.59,0,3,0,0,,4,0,0,0,0
1631539800,378.99,379.43,372.76,373.83,0,4,0,0,,4,0,0,0,0
1632144600,367.46,374.04,360.93,373.33,1,0,0,0,,4,0,0,0,0
1632749400,370.2,371.2516,354.38,360.18,2,0,0,0,,4,0,0,0,0
1633354200,358.52,365.69,350.32,361.16,3,0,0,0,,4,0,0,0,0
1633959000,359.58,369.06,356.48,368.94,4,0,0,0,,4,0,0,0,0
1634563800,367.61,377.47,366.99,374.1,0,1,0,0,,5,0,0,0,0
1635168600,375.56,386.28,373.56,386.11,0,2,0,0,,6,0,0,0,0
1635773400,386.56,400.99,384.42,398.6,0,3,0,0,,7,0,0,0,0
1636381800,398.57,399.62,387.53,394.7,0,4,0,0,,8,0,0,0,0
1636986600,395.91,405.3,392.095,403.99,0,5,0,0,,9,0,0,0,0
1637591400,405.57,408.71,389.77,391.2,0,6,0,0,,9,0,0,0,0
1638196200,395.89,401.19,378.9,383.13,1,0,0,0,,9,0,0,0,0
1638801000,383.63,400.2,379.3,398.01,0,1,0,0,,9,0,0,0,0
1639405800,398,398.475,381.77,384.91,1,0,0,0,,9,0,0,0,0
1640010600,379.565,398.425,377.47,396.92,0,1,0,0,,9,0,0,0,0
1640615400,398.25,404.58,397.34,397.85,0,2,0,0,,9,0,0,0,0
1641220200,399.05,402.28,378.04,379.86,1,0,0,0,,9,0,0,0,0
1641825000,374.82,390.2,369.31,380.01,2,0,0,0,,9,0,0,0,0
1642516200,374.04,376.22,351.4,351.69,3,0,0,0,,9,0,0,0,0
1643034600,345.905,356.88,334.15,351.8,4,0,0,0,,9,0,0,0,0
1643639400,353.2,370.1,351.52,358.01,5,0,0,0,,9,0,0,0,0
1644244200,358.62,366.81,345.8,347.06,6,0,0,0,,9,0,0,0,0
1644849000,346.49,357.0896,339.14,341.51,7,0,0,0,,9,0,0,0,0
1645540200,338.49,345.98,318.26,345.77,8,0,0,0,,9,0,0,0,0
1646058600,342.51,350.04,334.92,337.3,9,0,1,0,1,,0,0,1,1
1646663400,337.29,338.48,319.94,324.4,10,0,0,0,1,,0,0,0,0
1647264600,323.13,351.79,317.45,351.49,0,1,0,0,1,,0,0,0,0
1647869400,350.2,360.67,345.575,359.35,0,2,0,0,1,,0,0,0,0
1648474200,359.34,371.83,358.07,361.85,0,3,0,0,1,,0,0,0,0
1649079000,362.71,369.31,348.5,349.15,0,4,0,0,1,,0,0,0,0
1649683800,344.81,347.69,338.035,338.43,1,0,0,0,2,,0,0,0,0
1650288600,337.35,347.87,324.96,325.4,2,0,0,0,3,,0,0,0,0
1650893400,323.73,329.9,312.6,313.25,3,0,0,0,4,,0,0,0,0
1651498200,312.83,330.29,305.105,309.25,4,0,0,0,5,,0,0,0,0
1652103000,303.48,309.3487,284.94,301.94,5,0,0,0,6,,0,0,0,0
1652707800,300.15,306.56,280.21,288.68,6,0,0,0,7,,0,0,0,0
1653312600,289.75,309.25,282.25,309.1,7,0,0,0,7,,0,0,0,0
1654003800,309.07,314.56,303.4001,306.2,8,0,0,0,7,,0,0,0,0
1654522200,310.75,312.35,288.384,288.84,9,0,1,0,1,,0,0,1,1
1655127000,279.75,286.83,269.28,274.69,10,0,0,0,2,,0,0,0,0
1655818200,278.75,295.04,277.91,294.61,11,0,0,0,2,,0,0,0,0
1656336600,296,296.5799,275.78,282.13,12,0,0,0,2,,0,0,0,0
1657027800,278.31,296.75,276.7501,295.35,0,1,0,0,2,,0,0,0,0
1657546200,292.88,293.11,279.8,291.87,0,2,0,0,2,,0,0,0,0
1658151000,294.72,308.55,288.2,301.99,0,3,0,0,2,,0,0,0,0
1658755800,302.02,316.39,293.54,315.46,0,4,0,0,2,,0,0,0,0
1659360600,313.65,324.72,311.8401,321.75,0,5,0,0,2,,0,0,0,0
1659965400,322.69,330.585,315.42,330.39,0,6,0,0,2,,0,0,0,0
1660570200,329.42,334.4209,322.08,322.86,0,7,0,0,2,,0,0,0,0
1661175000,318.5,321.51,307.35,307.44,1,0,0,0,3,,0,0,0,0
1661779800,304.62,307.22,292.95,295.17,2,0,0,0,4,,0,0,0,0
1662471000,295.66,307.6,290.87,307.09,3,0,0,0,5,,0,0,0,0
1662989400,308.5,311.08,285.62,289.32,4,0,0,0,6,,0,0,0,0
1663594200,286.1,293.95,272.02,275.51,5,0,0,0,7,,0,0,0,0
1664199000,275.03,281.25,267.1,267.26,6,0,0,0,8,,0,0,0,0
1664803800,269.07,284.18,267.53,269.1,7,0,0,0,9,,0,0,0,0
1665408600,269.3,271.81,254.26,260.74,8,0,0,0,10,,0,0,0,0
1666013400,266.84,277.21,266.74,275.42,9,0,1,0,1,,0,0,1,1
1666618200,275.69,284.6,271.97,281.22,0,1,0,0,1,,0,0,0,0
1667223000,278.92,282.07,259.08,264.68,1,0,0,0,2,,0,0,0,0
1667831400,265.75,288.64,263.03,287.96,0,1,0,0,2,,0,0,0,0
1668436200,285.86,293.26,280.72,284.82,0,2,0,0,2,,0,0,0,0
1669041000,283.4,289.46,280.46,286.92,0,3,0,0,2,,0,0,0,0
1669645800,284.9,295.75,279.17,292.55,0,4,0,0,2,,0,0,0,0
1670250600,290.38,291.68,278.7801,282.04,1,0,0,0,2,,0,0,0,0
1670855400,282.22,296.875,272.61,274.25,2,0,0,0,3,,0,0,0,0
1671460200,273.87,274.78,262.455,267.36,3,0,0,0,4,,0,0,0,0
1672151400,266.74,267.405,259.73,266.28,4,0,0,0,5,,0,0,0,0
1672756200,268.65,270.155,260.34,268.8,5,0,0,0,5,,0,0,0,0
1673274600,270.83,281.219,268.97,280.97,0,1,0,0,5,,0,0,0,0
1673965800,280.77,284.69,273.89,282.68,0,2,0,0,5,,0,0,0,0
1674484200,283.54,298.26,281.18,296.26,0,3,0,0,5,,0,0,0,0
1675089000,292.93,313.68,289.89,306.18,0,4,0,0,5,,0,0,0,0
1675693800,303.51,311.03,297.25,299.7,0,5,0,0,5,,0,0,0,0
1676298600,301.13,309.27,298.1,301.16,0,6,0,0,5,,0,0,0,0
1676989800,297.26,298.73,290.05,291.85,1,0,0,0,6,,0,0,0,0
1677508200,295.07,299.92,288.37,299.68,2,0,0,0,6,,0,0,0,0
1678113000,300.94,304,287.38,288.55,3,0,0,0,7,,0,0,0,0
1678714200,286.73,309.15,285.19,305.36,0,1,0,0,7,,0,0,0,0
1679319000,304.26,315.25,302.01,310.89,0,2,0,0,7,,0,0,0,0
1679923800,311.6,321.17,304.774,320.93,0,3,0,0,7,,0,0,0,0
1680528600,318.77,321.63,312.82,318.05,0,4,0,0,7,,0,0,0,0
1681133400,315.07,320.36,312.565,318.57,0,5,0,0,7,,0,0,0,0
1681738200,318.15,321.42,314.1,316.61,0,6,0,0,7,,0,0,0,0
1682343000,316.38,322.65,309.89,322.56,0,7,0,0,7,,0,0,0,0
1682947800,322.09,323.76,315.115,322.89,0,8,0,0,7,,0,0,0,0
1683552600,322.42,327.17,321.315,325.03,0,9,0,1,,1,0,0,1,1
1684157400,325.51,338.205,323.96,336.51,0,10,0,0,,2,0,0,0,0
1684762200,336.25,349.245,329.56,348.4,0,11,0,0,,3,0,0,0,0
1685453400,352.71,355.83,346.51,354.65,0,12,0,0,,4,0,0,0,0
1685971800,354.43,357.66,348.18,354.5,0,13,0,0,,5,0,0,0,0
1686576600,356.19,372.85,355.2,367.93,0,14,0,0,,6,0,0,0,0
1687267800,365.95,368.32,360.22,362.54,0,15,0,0,,7,0,0,0,0
1687786200,362,370.49,357.59,369.42,0,16,0,0,,7,0,0,0,0
1688391000,370.07,372.01,364.52,366.24,0,17,0,0,,7,0,0,0,0
1688995800,365.96,382.86,363.41,379.07,0,18,0,0,,8,0,0,0,0
1689600600,379.8,387.98,375.191,375.63,0,19,0,0,,9,0,0,0,0
1690205400,376.62,384.71,374.34,383.48,0,20,0,0,,10,0,0,0,0
1690810200,383.79,384.88,371.53,372.04,0,21,0,0,,10,0,0,0,0
1691415000,373.88,375.29,364.69,366.24,1,0,0,0,,10,0,0,0,0
1692019800,365.43,370.47,354.71,358.13,2,0,0,0,,10,0,0,0,0
1692624600,359.62,372.74,358.58,364.02,3,0,0,0,,10,0,0,0,0
1693229400,366.99,380.83,364.25,377.59,0,1,0,0,,11,0,0,0,0
1693920600,376.77,379.3093,369.15,372.58,0,2,0,0,,11,0,0,0,0
1694439000,375.66,378.27,369.86,370.81,0,3,0,0,,11,0,0,0,0
1695043800,369.32,371.79,357.59,357.91,1,0,0,0,,11,0,0,0,0
1695648600,356.93,362.95,351.36,358.27,2,0,0,0,,11,0,0,0,0
1696253400,358.54,365.91,353.275,364.7,3,0,0,0,,11,0,0,0,0
1696858200,362.3,373.74,360.78,365.28,4,0,0,0,,12,0,0,0,0
1697463000,366.62,370.48,354.37,354.6,5,0,0,0,,12,0,0,0,0
1698067800,353.26,359.91,342.35,345.31,6,0,0,0,,12,0,0,0,0
1698672600,347.83,369.02,346.45,367.71,0,1,0,0,,12,0,0,0,0
1699281000,368.49,378.54,366.91,378.39,0,2,0,0,,13,0,1,0,0
1699885800,376.79,387.75,375.24,386.04,0,3,0,0,,14,0,0,0,0
1700490600,386.05,393.07,386.05,389.51,0,4,0,0,,15,0,0,0,0
1701095400,389.01,394.14,385.82,389.94,0,5,0,0,,16,0,0,0,0
1701700200,386.09,392.62,382.66,392.17,0,6,0,0,,16,0,0,0,0
1702305000,391.74,406.5399,391.53,405.34,0,7,0,0,,17,0,0,0,0
1702909800,404.93,410.4699,402.9,408.38,0,8,0,0,,18,0,0,0,0
1703601000,409.25,412.92,407.58,409.52,0,9,0,1,,1,0,0,1,1
1704205800,405.84,406.09,395.34,396.75,0,10,0,0,,1,0,0,0,0
1704724200,397.99,411.25,397.8399,409.56,0,11,0,0,,1,0,0,0,0
1705415400,408.31,421.34,402.92,421.18,0,12,0,0,,2,0,0,0,0
1705933800,423.41,429.85,420.57,423.81,0,13,0,0,,3,0,0,0,0
1706538600,424.27,430.24,416.79,429.01,0,14,0,0,,4,0,0,0,0
1707143400,429.07,437.845,425,437.05,0,15,0,0,,5,0,0,0,0
1707748200,436.94,439.14,425.3305,430.57,0,16,0,0,,6,0,0,0,0
1708439400,428.55,440.59,421.63,436.78,0,17,0,0,,6,0,0,0,0
1708957800,437.6,446.58,434.3,445.61,0,18,0,0,,7,0,0,0,0
1709562600,445.61,448.64,433.65,439.02,0,19,0,0,,7,0,0,0,0
1710163800,437.51,444.02,432.7417,433.92,0,20,0,0,,7,0,0,0,0
1710768600,438.73,449.34,433.33,446.38,0,21,0,0,,7,0,0,0,0
1711373400,443.55,447.225,441.93,444.01,1,0,0,0,,7,0,0,0,0
1711978200,444.97,447.53,435.11,440.47,0,1,0,0,,7,0,0,0,0
1712583000,441.41,446.33,436.28,438.27,0,2,0,0,,7,0,0,0,0
1713187800,442.06,442.15,413.07,414.65,1,0,0,0,,7,0,0,0,0
1713792600,417.31,432.55,413.94,431,2,0,0,0,,7,0,0,0,0
1714397400,433.13,436.48,420.63,435.48,3,0,0,0,,7,0,0,0,0
1715002200,437.3,444.31,436.52,442.06,0,1,0,0,,8,0,0,0,0
1715607000,443.99,454.69,441.65,451.76,0,2,0,0,,9,0,0,0,0
1716211800,451.98,460.58,451.785,457.95,0,3,0,0,,10,0,0,0,0
1716903000,459.18,459.74,443.055,450.71,0,4,0,0,,10,0,0,0,0
1717421400,454.57,465.74,447.9,462.96,0,5,0,0,,11,0,0,0,0
1718026200,461.82,479.26,461.53,479.19,0,6,0,0,,12,0,0,0,0
1718631000,479.46,486.86,478.14,480.18,0,7,0,0,,13,0,1,0,0
1719235800,478.18,487.2,473.82,479.11,0,8,0,0,,13,0,1,0,0
1719840600,480.04,496.6,476.255,496.16,0,9,0,1,,1,0,0,1,1
1720445400,496.53,503.52,490.725,494.82,0,10,0,0,,2,0,0,0,0
1721050200,496.61,501.01,473.94,475.24,1,0,0,0,,2,0,0,0,0
1721655000,481.16,484.43,455.63,462.97,2,0,0,0,,2,0,0,0,0
1722259800,465.71,475.55,444.47,448.75,3,0,0,0,,2,0,0,0,0
1722864600,424.71,452.06,423.45,450.41,4,0,0,0,,2,0,0,0,0
1723469400,451.39,476.41,448.5546,475.03,5,0,0,0,,2,0,0,0,0
1724074200,475.17,485.54,473.37,480,0,1,0,0,,3,0,0,0,0
1724679000,479.45,480.38,467.89,476.27,0,2,0,0,,3,0,0,0,0
1725370200,473.2,473.33,448.19,448.69,1,0,0,0,,3,0,0,0,0
1725888600,453.06,476.53,449.823428,475.34,0,1,0,0,,3,0,0,0,0
1726493400,473.19,486.23,469.89,482.44,0,2,0,0,,4,0,0,0,0
1727098200,482.95,493.7,480.17,486.75,0,3,0,0,,5,0,0,0,0
1727703000,485.78,488.41,477.4,487.32,0,4,0,0,,6,0,0,0,0
1728307800,485.39,494.47,480.87,493.36,0,5,0,0,,6,0,0,0,0
1728912600,495.77,498.83,487.57,494.47,0,6,0,0,,7,0,0,0,0
1729517400,493.25,500.28,485.05,495.32,0,7,0,0,,8,0,0,0,0
1730122200,498.46,501.35,483.75,487.43,0,8,0,0,,8,0,0,0,0
1730730600,486.82,514.9175,484.2545,514.14,0,9,0,1,,1,0,0,1,1
1731335400,515.37,515.58,494.49,496.57,0,10,0,0,,1,0,0,0,0
1731940200,498.13,506.96,496.555,505.79,0,11,0,0,,1,0,0,0,0
1732545000,509.9,511.4525,501.93,509.74,0,12,0,0,,1,0,0,0,0
1733149800,511.01,526.72,510.62,526.48,0,13,0,0,,2,0,0,0,0
1733754600,525.55,533.1661,519.16,530.53,0,14,0,0,,3,0,0,0,0
1734359400,533.08,539.15,509.29,518.66,0,15,0,0,,3,0,0,0,0
1734964200,519.55,531.24,516.13,522.56,0,16,0,0,,3,0,0,0,0
1735569000,515.51,519.6454,505.71,518.58,1,0,0,0,,3,0,0,0,0
1736173800,524.02,527.92,503.92,507.19,2,0,0,0,,3,0,0,0,0
1736778600,501.2,524.0733,499.7,521.74,0,1,0,0,,4,0,0,0,0
1737469800,524.48,533.82,520.06,529.63,0,2,0,0,,5,0,0,0,0
1737988200,511,531.5178,510.15,522.29,0,3,0,0,,5,0,0,0,0
1738593000,513.47,532.1,511.05,522.92,0,4,0,0,,5,0,0,0,0
1739197800,527.22,538.84,521.95,538.15,0,5,0,0,,6,0,0,0,0
1739889000,539.73,540.81,525.71,526.08,1,0,0,0,,6,0,0,0,0
1740407400,527.88,529.069,496.93,508.17,2,0,0,0,,6,0,0,0,0
1741012200,511.52,513.04,480.53,491.79,3,0,0,0,,6,0,0,0,0
1741613400,483.45,483.97,466.43,479.66,4,0,0,0,,6,0,0,0,0
1742218200,479.61,485.84,472.41,480.84,5,0,0,0,,6,0,0,0,0
1742823000,487.74,493.62,468.05,468.94,6,0,0,0,,6,0,0,0,0
1743427800,461.92,479.56,422.67,422.67,7,0,0,0,,6,0,0,0,0
1744032600,408.66,467.83,402.39,454.4,8,0,0,0,,6,0,0,0,0
1744637400,464.46,465.05,437.76,444.1,9,0,1,0,1,,0,0,1,1
1745242200,438.23,473.09,427.93,472.56,0,1,0,0,1,,0,0,0,0
1745847000,473.03,490.91,462.43,488.83,0,2,0,0,1,,0,0,0,0
1746451800,484.6,492.7,476.782,487.97,0,3,0,0,1,,0,0,0,0
1747056600,506.99,521.93,501.48,521.51,0,4,0,0,1,,0,0,0,0
1747661400,514.24,523,505.58,509.24,0,5,0,0,1,,0,0,0,0
1748352600,516.15,526.48,511.93,519.11,0,6,0,0,1,,0,0,0,0
1748871000,517.24,533.05,515.97,529.92,0,7,0,0,1,,0,0,0,0
1749475800,530.14,536.78,525.73,526.96,0,8,0,0,1,,0,0,0,0
1750080600,530.5,535.37,524.88,526.83,0,9,0,1,,1,0,0,1,1
1750685400,526.81,549.99,523.65,548.09,0,10,0,0,,2,0,0,0,0
1751290200,551.26,557.2,544.66,556.22,0,11,0,0,,3,0,0,0,0
1751895000,553.52,557.63,549.58,554.2,0,12,0,0,,4,0,0,0,0
1752499800,553.99,564.7262,551.56,561.26,0,13,0,0,,5,0,0,0,0
1753104600,562.09,567.695,558.61,566.37,0,14,0,0,,6,0,0,0,0
1753709400,567.74,574.63,551.68,553.88,1,0,0,0,,6,0,0,0,0
1754314200,559.05,574.77,558.95,574.55,0,1,0,0,,7,0,0,0,0
1754919000,574.69,583.3199,571.57,577.34,0,2,0,0,,8,0,0,0,0
1755523800,576.44,577.765,558.84,571.97,0,3,0,0,,8,0,0,0,0
1756128600,570.4,578,568.54,570.4,0,4,0,0,,8,0,0,0,0
1756819800,561.31,581.12,559.535,576.06,0,5,0,0,,8,0,0,0,0
1757338200,578.37,587.86,577.04,586.66,0,6,0,0,,9,0,0,0,0
1757943000,588.44,600.05,584.365,599.35,0,7,0,0,,10,0,0,0,0
1758547800,597.74,602.87,588.5,595.97,0,8,0,0,,11,0,0,0,0
1759152600,599.11,607.3255,596.1,603.18,0,9,0,1,,1,0,0,1,1
1759757400,608.45,613.18,589.05,589.5,0,10,0,0,,1,0,0,0,0
1760362200,599.68,608.31,590.13,603.93,0,11,0,0,,1,0,0,0,0
1760967000,607.14,618.42,599.74,617.1,0,12,0,0,,2,0,0,0,0
1761571800,624.52,637.01,624.03,629.07,0,13,0,0,,3,0,0,0,0
1762180200,635.11,635.82,598.67,609.74,0,14,0,0,,3,0,0,0,0
1762785000,618.92,624.86,597.17,608.86,0,15,0,0,,3,0,0,0,0
1763389800,606.3,614.03,580.74,590.07,1,0,0,0,,3,0,0,0,0
1763994600,595.28,619.32,595.16,619.25,2,0,0,0,,3,0,0,0,0
1764599400,613.63,628.92,612.52,625.48,0,1,0,0,,4,0,0,0,0
1765204200,627.21,629.21,611.36,613.62,0,2,0,0,,4,0,0,0,0
1765809000,618.37,618.42,600.28,617.05,0,3,0,0,,4,0,0,0,0
1766413800,621.35,625.515,617.77,623.89,0,4,0,0,,4,0,0,0,0
1767018600,620.1,622.85,610.15,613.12,1,0,0,0,,4,0,0,0,0
1767623400,619.32,627.94,616.72,626.65,0,1,0,0,,5,0,0,0,0
1768228200,622.31,630,614.56,621.26,0,2,0,0,,5,0,0,0,0
1768919400,610.53,625.3999,607.05,622.72,1,0,0,0,,5,0,0,0,0
1769437800,623.21,636.6,618.27,621.87,0,1,0,0,,5,0,0,0,0
1770042600,618.7,629.98,594.76,609.65,1,0,0,0,,5,0,0,0,0
1770647400,607.54,617.52,596.42,601.92,2,0,0,0,,5,0,0,0,0
1771338600,598.375,610.35,593.34,608.81,3,0,0,0,,5,0,0,0,0
1771857000,606.605,616.83,599.05,607.29,4,0,0,0,,5,0,0,0,0
1772461800,598.86,612.88,591.87,599.75,5,0,0,0,,5,0,0,0,0
1773063000,594.225,613.29,591.33,593.72,6,0,0,0,,5,0,0,0,0
1773667800,600.04,605.9,578.54,582.06,7,0,0,0,,5,0,0,0,0
1774272600,590.52,595.08,561.57,562.58,8,0,0,0,,5,0,0,0,0
1774877400,567.38,587.739,555.6,584.98,9,0,1,0,1,,0,0,1,1
1775482200,586.23,613.67,578.4001,611.07,0,1,0,0,1,,0,0,0,0
1776087000,609.48,650,608.11,648.85,0,2,0,0,1,,0,0,0,0
1776691800,648.04,664.51,642.21,663.88,0,3,0,0,1,,0,0,0,0
1777296600,663.4,675.97,653.81,674.15,0,4,0,0,1,,0,0,0,0
1777901400,674.66,711.23,668.9,711.23,0,5,0,0,1,,0,0,0,0
1778506200,710.36,722.03,696.64,708.93,0,6,0,0,1,,0,0,0,0
1779111000,711.54,722.12,695.25,717.54,0,7,0,0,1,,0,0,0,0
1779802200,725.96,741.63,724.16,738.31,0,8,0,0,1,,0,0,0,0
1780320600,737.04,748.65,704.32,705.06,1,0,0,0,1,,0,0,0,0
1780925400,717.81,725.66,686.37,721.34,0,1,0,0,2,,0,0,0,0
1781530200,738.1,744.7599,720.85,722.51,0,2,0,0,2,,0,0,0,0